finite_metrics,gt_max,gt_mean,gt_min,gt_rgb_sha256,height,image_name,is_black_render,iterations,lpips,method,method_dir,psnr,render_file,render_max,render_mean,render_min,render_rgb_sha256,render_std,role,scene,ssim,width
True,1.0,0.4690955877304077,0.0,4c46b7c82b8a9cb695b7d6cfeade5a78bd4616e33da57c41dbeea0c1290ddf79,900,00001.jpg,False,10,0.9573198556900024,official_3dgs,G:\wl3dgs\3dgs_runs\two_scene_smoke_20260701_clean\H\official_3dgs\iter_10\self_Steam_Locomotive\test\ours_10,11.410327911376953,00000.png,0.5921568870544434,0.331863671541214,0.20000000298023224,acf1260aaab3775db5e9afe607399db885eea20af23c0b5a49a846f010e1fe91,0.059975963085889816,H,self_Steam_Locomotive,0.4585508704185486,1600
True,1.0,0.3833219110965729,0.0,2d09ad6d9128b11964d3db3c44ca3fbe4922c4dbad5efa5669c4d31e54c2e202,900,00009.jpg,False,10,0.9648600816726685,official_3dgs,G:\wl3dgs\3dgs_runs\two_scene_smoke_20260701_clean\H\official_3dgs\iter_10\self_Steam_Locomotive\test\ours_10,13.256054878234863,00001.png,0.545098066329956,0.3704145550727844,0.23529411852359772,89cd13a8b65b4b6307b6fcdce85e8f499d861b43c947b09be4d2a47cb82177b7,0.0396277941763401,H,self_Steam_Locomotive,0.4415499269962311,1600
True,1.0,0.4087476432323456,0.0,cb4c8e2d4e54cc7b622f5bba5415e475cf3877648241a5b46239c14218a9606e,900,00017.jpg,False,10,0.9580827951431274,official_3dgs,G:\wl3dgs\3dgs_runs\two_scene_smoke_20260701_clean\H\official_3dgs\iter_10\self_Steam_Locomotive\test\ours_10,13.052897453308105,00002.png,0.5529412031173706,0.3326071500778198,0.1411764770746231,093cbbbd6bb8db78c919750f46c4026572e917c60ee5678f7cd39228418e840e,0.05264200642704964,H,self_Steam_Locomotive,0.43775010108947754,1600
True,1.0,0.517272412776947,0.0,f3cf01ace3b42a43b4b145598b005408312793fb62c8a0f6a9e79cfb0cda8a58,900,00025.jpg,False,10,0.9395893812179565,official_3dgs,G:\wl3dgs\3dgs_runs\two_scene_smoke_20260701_clean\H\official_3dgs\iter_10\self_Steam_Locomotive\test\ours_10,9.124115943908691,00003.png,0.5058823823928833,0.3001522421836853,0.125490203499794,46c04543707f85c6300220260396b19428e514b463a7a4f87c58dec8715b2bd9,0.08007913827896118,H,self_Steam_Locomotive,0.46190810203552246,1600
True,1.0,0.3946671485900879,0.003921568859368563,3ceaa7a293ef42d110aee7e400f69f865a3989e3e205d0b5231528acb0722a38,900,00033.jpg,False,10,0.9418295621871948,official_3dgs,G:\wl3dgs\3dgs_runs\two_scene_smoke_20260701_clean\H\official_3dgs\iter_10\self_Steam_Locomotive\test\ours_10,11.79810905456543,00004.png,0.48627451062202454,0.3237724006175995,0.14901961386203766,f50a7d5aca7128a1593a1cb4a606dc379b14c452e157c518d519063f512d7d0d,0.043662916868925095,H,self_Steam_Locomotive,0.5274578332901001,1600
True,1.0,0.42777398228645325,0.0,4c3f2d95084f1a287cc1853a91f8f54a909ce732fec0670b11d368e582db51f8,900,00041.jpg,False,10,0.9449607133865356,official_3dgs,G:\wl3dgs\3dgs_runs\two_scene_smoke_20260701_clean\H\official_3dgs\iter_10\self_Steam_Locomotive\test\ours_10,10.546112060546875,00005.png,0.5529412031173706,0.3062205910682678,0.1725490242242813,98a984ff368b92c8c80cd9f2eba432bad092b39c4de961508507fd1eb68f6c1b,0.060126014053821564,H,self_Steam_Locomotive,0.5067782998085022,1600
True,1.0,0.28424903750419617,0.0,923e775589226ceb83ab9393ea2b810d9d51a72d79bec150132a496de5a9f797,900,00049.jpg,False,10,0.9756765961647034,official_3dgs,G:\wl3dgs\3dgs_runs\two_scene_smoke_20260701_clean\H\official_3dgs\iter_10\self_Steam_Locomotive\test\ours_10,14.28885269165039,00006.png,0.5490196347236633,0.3108048439025879,0.18039216101169586,1f2c3359659fbdb1a2e01f1f320bbdc842a9e26d851437a67b2084c8f885170f,0.05078582093119621,H,self_Steam_Locomotive,0.46616607904434204,1600
True,1.0,0.41779598593711853,0.0,ccbbfb6e891234660bf36d69c20c7d0ce6017454509315fba77f54b1681d80b7,900,00057.jpg,False,10,0.9162465333938599,official_3dgs,G:\wl3dgs\3dgs_runs\two_scene_smoke_20260701_clean\H\official_3dgs\iter_10\self_Steam_Locomotive\test\ours_10,11.097373962402344,00007.png,0.5372549295425415,0.32656919956207275,0.12156862765550613,93ff08cb68530575cd6dfb3af1c765d5e1b491fa43042c331663991db7fdd0d8,0.06122607737779617,H,self_Steam_Locomotive,0.5032508969306946,1600
True,1.0,0.3585739731788635,0.0,d5957db71a188c01528b45ab0627d5c66159aff4082203369be7a5c5eb2be664,900,00065.jpg,False,10,0.937887966632843,official_3dgs,G:\wl3dgs\3dgs_runs\two_scene_smoke_20260701_clean\H\official_3dgs\iter_10\self_Steam_Locomotive\test\ours_10,12.528014183044434,00008.png,0.6196078658103943,0.38279345631599426,0.24313725531101227,3c18fe1e00667d2898cfd9075b793de5f0041fbe71d2afdb658cabd2a6b9de07,0.059752024710178375,H,self_Steam_Locomotive,0.5076385736465454,1600
True,1.0,0.23174718022346497,0.0,fb3ac462e0665b68cb5cfa7edc1c0ff5c394cab5aab29623113a63905c467567,900,00073.jpg,False,10,0.9614761471748352,official_3dgs,G:\wl3dgs\3dgs_runs\two_scene_smoke_20260701_clean\H\official_3dgs\iter_10\self_Steam_Locomotive\test\ours_10,15.531548500061035,00009.png,0.4117647111415863,0.295608252286911,0.20392157137393951,15273c6c9fcb8af636439278284d5e92c977fa763cecf48eab7e6220b76bebb0,0.03561440110206604,H,self_Steam_Locomotive,0.5290429592132568,1600
True,1.0,0.4690955877304077,0.0,4c46b7c82b8a9cb695b7d6cfeade5a78bd4616e33da57c41dbeea0c1290ddf79,900,00001.jpg,False,300,0.8166611194610596,official_3dgs,G:\wl3dgs\3dgs_runs\two_scene_smoke_20260701_clean\H\official_3dgs\iter_300\self_Steam_Locomotive\test\ours_300,16.227802276611328,00000.png,0.9882352948188782,0.40335533022880554,0.07058823853731155,9ef46eca1cecf1d19a7a1debd8bdb1d99764505e9786c90f142a553abe9c48b5,0.2498529702425003,H,self_Steam_Locomotive,0.526120126247406,1600
True,1.0,0.3833219110965729,0.0,2d09ad6d9128b11964d3db3c44ca3fbe4922c4dbad5efa5669c4d31e54c2e202,900,00009.jpg,False,300,0.8423119783401489,official_3dgs,G:\wl3dgs\3dgs_runs\two_scene_smoke_20260701_clean\H\official_3dgs\iter_300\self_Steam_Locomotive\test\ours_300,16.421001434326172,00001.png,0.9058823585510254,0.35619446635246277,0.062745101749897,cfd77be25d373fa68b6a172098fc4b080209ee1199a7dc3a2e4a98d99a758bb6,0.172509104013443,H,self_Steam_Locomotive,0.5214449167251587,1600
True,1.0,0.4087476432323456,0.0,cb4c8e2d4e54cc7b622f5bba5415e475cf3877648241a5b46239c14218a9606e,900,00017.jpg,False,300,0.8684666156768799,official_3dgs,G:\wl3dgs\3dgs_runs\two_scene_smoke_20260701_clean\H\official_3dgs\iter_300\self_Steam_Locomotive\test\ours_300,17.420909881591797,00002.png,0.8156862854957581,0.4355457127094269,0.10196078568696976,a1f28f8d5ee1c6657a99109322859c87c02f0e0671475b647ffecd67a35cef34,0.146087184548378,H,self_Steam_Locomotive,0.49317869544029236,1600
True,1.0,0.517272412776947,0.0,f3cf01ace3b42a43b4b145598b005408312793fb62c8a0f6a9e79cfb0cda8a58,900,00025.jpg,False,300,0.8305132389068604,official_3dgs,G:\wl3dgs\3dgs_runs\two_scene_smoke_20260701_clean\H\official_3dgs\iter_300\self_Steam_Locomotive\test\ours_300,15.892786026000977,00003.png,0.7803921699523926,0.47551897168159485,0.125490203499794,051aec14ddb3e65c9d384ac472f9e66f999485cdcfa6b113db9a944a7491f994,0.1836390495300293,H,self_Steam_Locomotive,0.5986891388893127,1600
True,1.0,0.3946671485900879,0.003921568859368563,3ceaa7a293ef42d110aee7e400f69f865a3989e3e205d0b5231528acb0722a38,900,00033.jpg,False,300,0.7948741316795349,official_3dgs,G:\wl3dgs\3dgs_runs\two_scene_smoke_20260701_clean\H\official_3dgs\iter_300\self_Steam_Locomotive\test\ours_300,17.872413635253906,00004.png,0.9490196108818054,0.3576195538043976,0.05098039284348488,8e59f23d4108981e30a67bd824423a2834f27676c0485181f7cad6339e320ab3,0.2264290750026703,H,self_Steam_Locomotive,0.6201192736625671,1600
True,1.0,0.42777398228645325,0.0,4c3f2d95084f1a287cc1853a91f8f54a909ce732fec0670b11d368e582db51f8,900,00041.jpg,False,300,0.8038276433944702,official_3dgs,G:\wl3dgs\3dgs_runs\two_scene_smoke_20260701_clean\H\official_3dgs\iter_300\self_Steam_Locomotive\test\ours_300,16.065128326416016,00005.png,0.929411768913269,0.3803568482398987,0.0313725508749485,3960cdeb1cabdbc04c3aec34c2881cc903ffe2664f0a0c1274b55cb97379b30e,0.239724263548851,H,self_Steam_Locomotive,0.61415696144104,1600
True,1.0,0.28424903750419617,0.0,923e775589226ceb83ab9393ea2b810d9d51a72d79bec150132a496de5a9f797,900,00049.jpg,False,300,0.8789448738098145,official_3dgs,G:\wl3dgs\3dgs_runs\two_scene_smoke_20260701_clean\H\official_3dgs\iter_300\self_Steam_Locomotive\test\ours_300,17.113235473632812,00006.png,0.9843137264251709,0.24917997419834137,0.0313725508749485,c8dddec907d93edc31788ef9b41930d5c48b2eded9afff86ae891d71469d4d4d,0.18108993768692017,H,self_Steam_Locomotive,0.5658375024795532,1600
True,1.0,0.41779598593711853,0.0,ccbbfb6e891234660bf36d69c20c7d0ce6017454509315fba77f54b1681d80b7,900,00057.jpg,False,300,0.7717974781990051,official_3dgs,G:\wl3dgs\3dgs_runs\two_scene_smoke_20260701_clean\H\official_3dgs\iter_300\self_Steam_Locomotive\test\ours_300,18.052532196044922,00007.png,0.9764705896377563,0.4201872646808624,0.07058823853731155,4e7b0d3ff31e2ce912d20c4e81656ae2b56cdabd37160e61bd8f39be24bc858c,0.2633287012577057,H,self_Steam_Locomotive,0.6236200332641602,1600
True,1.0,0.3585739731788635,0.0,d5957db71a188c01528b45ab0627d5c66159aff4082203369be7a5c5eb2be664,900,00065.jpg,False,300,0.8173961043357849,official_3dgs,G:\wl3dgs\3dgs_runs\two_scene_smoke_20260701_clean\H\official_3dgs\iter_300\self_Steam_Locomotive\test\ours_300,17.324655532836914,00008.png,0.9647058844566345,0.37139859795570374,0.0470588244497776,a5884eaa332f444c97c25fb8868461e5d026dc116398d1f9c0d1a667c653d4eb,0.2446153610944748,H,self_Steam_Locomotive,0.6241681575775146,1600
True,1.0,0.23174718022346497,0.0,fb3ac462e0665b68cb5cfa7edc1c0ff5c394cab5aab29623113a63905c467567,900,00073.jpg,False,300,0.873515248298645,official_3dgs,G:\wl3dgs\3dgs_runs\two_scene_smoke_20260701_clean\H\official_3dgs\iter_300\self_Steam_Locomotive\test\ours_300,19.095600128173828,00009.png,0.6901960968971252,0.26284340023994446,0.027450980618596077,907ad171b22cd4eec66fd1669ae1fa4114d1a02431e2a452e492f1c417e0c0bc,0.12860745191574097,H,self_Steam_Locomotive,0.6275426149368286,1600
True,1.0,0.4690955877304077,0.0,4c46b7c82b8a9cb695b7d6cfeade5a78bd4616e33da57c41dbeea0c1290ddf79,900,00001.jpg,False,10,0.9718273878097534,gsw_strict_intrinsic,G:\wl3dgs\3dgs_runs\two_scene_smoke_20260701_clean\H\gsw_strict_intrinsic\iter_10\self_Steam_Locomotive\test\ours_10_strict_intrinsic,7.43040132522583,00000.png,0.3450980484485626,0.15157726407051086,0.0,86c0aa7aeb6703eb1e464679a18c603a56dba38d6721036412f2553c63b8a15b,0.09441716969013214,H,self_Steam_Locomotive,0.3106098175048828,1600
True,1.0,0.3833219110965729,0.0,2d09ad6d9128b11964d3db3c44ca3fbe4922c4dbad5efa5669c4d31e54c2e202,900,00009.jpg,False,10,0.9527350664138794,gsw_strict_intrinsic,G:\wl3dgs\3dgs_runs\two_scene_smoke_20260701_clean\H\gsw_strict_intrinsic\iter_10\self_Steam_Locomotive\test\ours_10_strict_intrinsic,9.76807689666748,00001.png,0.32156863808631897,0.16288131475448608,0.03921568766236305,b5c4a5d96eb502886eaf9f8fd0dff65ff8e28ae7b566bd3269b14c001af64be2,0.07974974066019058,H,self_Steam_Locomotive,0.38797512650489807,1600
True,1.0,0.4087476432323456,0.0,cb4c8e2d4e54cc7b622f5bba5415e475cf3877648241a5b46239c14218a9606e,900,00017.jpg,False,10,0.9778752326965332,gsw_strict_intrinsic,G:\wl3dgs\3dgs_runs\two_scene_smoke_20260701_clean\H\gsw_strict_intrinsic\iter_10\self_Steam_Locomotive\test\ours_10_strict_intrinsic,9.20380973815918,00002.png,0.27843138575553894,0.13252082467079163,0.03921568766236305,f98aef3bfa33cb3770d8c058a13fbb41e49f4c78960e5fdd8d7c073e358833ce,0.0654786080121994,H,self_Steam_Locomotive,0.3222619891166687,1600
True,1.0,0.517272412776947,0.0,f3cf01ace3b42a43b4b145598b005408312793fb62c8a0f6a9e79cfb0cda8a58,900,00025.jpg,False,10,1.0615456104278564,gsw_strict_intrinsic,G:\wl3dgs\3dgs_runs\two_scene_smoke_20260701_clean\H\gsw_strict_intrinsic\iter_10\self_Steam_Locomotive\test\ours_10_strict_intrinsic,5.756617546081543,00003.png,0.2823529541492462,0.07137691974639893,0.0,a9e2dc5851b890cc9ab49dcc2e34b37392ecd6dec728d4d4ab85f35fa5c0a01a,0.06736306101083755,H,self_Steam_Locomotive,0.17955681681632996,1600
True,1.0,0.3946671485900879,0.003921568859368563,3ceaa7a293ef42d110aee7e400f69f865a3989e3e205d0b5231528acb0722a38,900,00033.jpg,False,10,0.9889795780181885,gsw_strict_intrinsic,G:\wl3dgs\3dgs_runs\two_scene_smoke_20260701_clean\H\gsw_strict_intrinsic\iter_10\self_Steam_Locomotive\test\ours_10_strict_intrinsic,8.1631441116333,00004.png,0.34117648005485535,0.10934793204069138,0.0,c538b8fe92f074d21abc27f2a8c3e0a423f31a2f81991e293c39dc2db406c48e,0.06903139501810074,H,self_Steam_Locomotive,0.35572847723960876,1600
True,1.0,0.42777398228645325,0.0,4c3f2d95084f1a287cc1853a91f8f54a909ce732fec0670b11d368e582db51f8,900,00041.jpg,False,10,0.9594416618347168,gsw_strict_intrinsic,G:\wl3dgs\3dgs_runs\two_scene_smoke_20260701_clean\H\gsw_strict_intrinsic\iter_10\self_Steam_Locomotive\test\ours_10_strict_intrinsic,7.386997222900391,00005.png,0.5764706134796143,0.12099172919988632,0.0,a181ed1c588f5c18df38350645b28b06e76042342b868aadb9d509b165f1819e,0.0627114325761795,H,self_Steam_Locomotive,0.37641429901123047,1600
True,1.0,0.28424903750419617,0.0,923e775589226ceb83ab9393ea2b810d9d51a72d79bec150132a496de5a9f797,900,00049.jpg,False,10,0.9769571423530579,gsw_strict_intrinsic,G:\wl3dgs\3dgs_runs\two_scene_smoke_20260701_clean\H\gsw_strict_intrinsic\iter_10\self_Steam_Locomotive\test\ours_10_strict_intrinsic,11.387739181518555,00006.png,0.33725491166114807,0.16047526895999908,0.0117647061124444,c375a2924ac1bd6fa46245d99b5967a4450f16c4997dc8bc629a4d9bc36f2c6e,0.08621571213006973,H,self_Steam_Locomotive,0.44539564847946167,1600
True,1.0,0.41779598593711853,0.0,ccbbfb6e891234660bf36d69c20c7d0ce6017454509315fba77f54b1681d80b7,900,00057.jpg,False,10,0.9462382793426514,gsw_strict_intrinsic,G:\wl3dgs\3dgs_runs\two_scene_smoke_20260701_clean\H\gsw_strict_intrinsic\iter_10\self_Steam_Locomotive\test\ours_10_strict_intrinsic,7.6340155601501465,00007.png,0.3450980484485626,0.14008580148220062,0.0,e98041c67c575e79ce32e32ba9ae43d42722d64bf304973166495d7c76344065,0.09104938060045242,H,self_Steam_Locomotive,0.3610064685344696,1600
True,1.0,0.3585739731788635,0.0,d5957db71a188c01528b45ab0627d5c66159aff4082203369be7a5c5eb2be664,900,00065.jpg,False,10,0.9592812657356262,gsw_strict_intrinsic,G:\wl3dgs\3dgs_runs\two_scene_smoke_20260701_clean\H\gsw_strict_intrinsic\iter_10\self_Steam_Locomotive\test\ours_10_strict_intrinsic,9.11929988861084,00008.png,0.3529411852359772,0.15698620676994324,0.0,ec9a6395785088118c0cda8f1b7ec423f12a0e990d51896d74bcf26e1049275b,0.0787389948964119,H,self_Steam_Locomotive,0.4427752196788788,1600
True,1.0,0.23174718022346497,0.0,fb3ac462e0665b68cb5cfa7edc1c0ff5c394cab5aab29623113a63905c467567,900,00073.jpg,False,10,0.9613009691238403,gsw_strict_intrinsic,G:\wl3dgs\3dgs_runs\two_scene_smoke_20260701_clean\H\gsw_strict_intrinsic\iter_10\self_Steam_Locomotive\test\ours_10_strict_intrinsic,14.16098690032959,00009.png,0.29019609093666077,0.1402481496334076,0.04313725605607033,b2443e1c07ef0fb7c53e273684707ec67378af106a616306d43b6471f40581fa,0.06009173020720482,H,self_Steam_Locomotive,0.5353901386260986,1600
True,1.0,0.4690955877304077,0.0,4c46b7c82b8a9cb695b7d6cfeade5a78bd4616e33da57c41dbeea0c1290ddf79,900,00001.jpg,False,300,0.8421207666397095,gsw_strict_intrinsic,G:\wl3dgs\3dgs_runs\two_scene_smoke_20260701_clean\H\gsw_strict_intrinsic\iter_300\self_Steam_Locomotive\test\ours_300_strict_intrinsic,15.754233360290527,00000.png,1.0,0.40135544538497925,0.0313725508749485,5effc56c2643572a76d99b3ae35e4bc9586cd5d0ced46f5f305b7799726b624c,0.245449498295784,H,self_Steam_Locomotive,0.5170949101448059,1600
True,1.0,0.3833219110965729,0.0,2d09ad6d9128b11964d3db3c44ca3fbe4922c4dbad5efa5669c4d31e54c2e202,900,00009.jpg,False,300,0.898012101650238,gsw_strict_intrinsic,G:\wl3dgs\3dgs_runs\two_scene_smoke_20260701_clean\H\gsw_strict_intrinsic\iter_300\self_Steam_Locomotive\test\ours_300_strict_intrinsic,15.61318588256836,00001.png,0.9019607901573181,0.32378309965133667,0.03921568766236305,a9b28d5ecf7716f1b5649ad97ba8c08b9f2d72000a8004a9a6ea575d6a3944d0,0.17113249003887177,H,self_Steam_Locomotive,0.513289749622345,1600
True,1.0,0.4087476432323456,0.0,cb4c8e2d4e54cc7b622f5bba5415e475cf3877648241a5b46239c14218a9606e,900,00017.jpg,False,300,0.9055926203727722,gsw_strict_intrinsic,G:\wl3dgs\3dgs_runs\two_scene_smoke_20260701_clean\H\gsw_strict_intrinsic\iter_300\self_Steam_Locomotive\test\ours_300_strict_intrinsic,16.378814697265625,00002.png,0.7803921699523926,0.3404805660247803,0.027450980618596077,bdd901b6dcaa8d95c72ddd579d64960f0736e277caf4061b1801e19b585283dd,0.14042717218399048,H,self_Steam_Locomotive,0.4951742887496948,1600
True,1.0,0.517272412776947,0.0,f3cf01ace3b42a43b4b145598b005408312793fb62c8a0f6a9e79cfb0cda8a58,900,00025.jpg,False,300,0.8444588780403137,gsw_strict_intrinsic,G:\wl3dgs\3dgs_runs\two_scene_smoke_20260701_clean\H\gsw_strict_intrinsic\iter_300\self_Steam_Locomotive\test\ours_300_strict_intrinsic,16.253154754638672,00003.png,1.0,0.4655514061450958,0.10196078568696976,2e1f1405c5590d45286b26505b972fe3554bc499f5c3bdd2aa74dca38669ab18,0.2265239804983139,H,self_Steam_Locomotive,0.5952315926551819,1600
True,1.0,0.3946671485900879,0.003921568859368563,3ceaa7a293ef42d110aee7e400f69f865a3989e3e205d0b5231528acb0722a38,900,00033.jpg,False,300,0.8668966293334961,gsw_strict_intrinsic,G:\wl3dgs\3dgs_runs\two_scene_smoke_20260701_clean\H\gsw_strict_intrinsic\iter_300\self_Steam_Locomotive\test\ours_300_strict_intrinsic,14.957976341247559,00004.png,0.7450980544090271,0.27932417392730713,0.03921568766236305,5c0e06bcfb768625ee86c8c32488eda13cae17d31648847f4f7355d7dfb1accd,0.1734253168106079,H,self_Steam_Locomotive,0.5909270644187927,1600
True,1.0,0.42777398228645325,0.0,4c3f2d95084f1a287cc1853a91f8f54a909ce732fec0670b11d368e582db51f8,900,00041.jpg,False,300,0.8460108637809753,gsw_strict_intrinsic,G:\wl3dgs\3dgs_runs\two_scene_smoke_20260701_clean\H\gsw_strict_intrinsic\iter_300\self_Steam_Locomotive\test\ours_300_strict_intrinsic,15.112565994262695,00005.png,0.9372549057006836,0.35925954580307007,0.04313725605607033,0d3555664556c30993ed43deceb20ed4a13fd3906790f1260f98fce986a8b5fc,0.251163125038147,H,self_Steam_Locomotive,0.6026508808135986,1600
True,1.0,0.28424903750419617,0.0,923e775589226ceb83ab9393ea2b810d9d51a72d79bec150132a496de5a9f797,900,00049.jpg,False,300,0.9238190054893494,gsw_strict_intrinsic,G:\wl3dgs\3dgs_runs\two_scene_smoke_20260701_clean\H\gsw_strict_intrinsic\iter_300\self_Steam_Locomotive\test\ours_300_strict_intrinsic,16.250560760498047,00006.png,1.0,0.23370271921157837,0.01568627543747425,fad92cba1b54c8b1dc679f2f7207b655ca8ac48eeb6bd0fd312649f4d605a86c,0.16964347660541534,H,self_Steam_Locomotive,0.5505281686782837,1600
True,1.0,0.41779598593711853,0.0,ccbbfb6e891234660bf36d69c20c7d0ce6017454509315fba77f54b1681d80b7,900,00057.jpg,False,300,0.8052164316177368,gsw_strict_intrinsic,G:\wl3dgs\3dgs_runs\two_scene_smoke_20260701_clean\H\gsw_strict_intrinsic\iter_300\self_Steam_Locomotive\test\ours_300_strict_intrinsic,17.36030387878418,00007.png,1.0,0.38795799016952515,0.0313725508749485,6c865badf42bd5c6c400e93700cda49ce556b1349f5e59a202750d93881ce2c4,0.25707873702049255,H,self_Steam_Locomotive,0.6178045272827148,1600
True,1.0,0.3585739731788635,0.0,d5957db71a188c01528b45ab0627d5c66159aff4082203369be7a5c5eb2be664,900,00065.jpg,False,300,0.8429578542709351,gsw_strict_intrinsic,G:\wl3dgs\3dgs_runs\two_scene_smoke_20260701_clean\H\gsw_strict_intrinsic\iter_300\self_Steam_Locomotive\test\ours_300_strict_intrinsic,17.114309310913086,00008.png,1.0,0.3451283574104309,0.0235294122248888,a0298bbf3b9c9deb88a9ac1d175b66663f42b44d11bc9d028f4bb3edd1a07cdb,0.24307142198085785,H,self_Steam_Locomotive,0.6215348839759827,1600
True,1.0,0.23174718022346497,0.0,fb3ac462e0665b68cb5cfa7edc1c0ff5c394cab5aab29623113a63905c467567,900,00073.jpg,False,300,0.9132602214813232,gsw_strict_intrinsic,G:\wl3dgs\3dgs_runs\two_scene_smoke_20260701_clean\H\gsw_strict_intrinsic\iter_300\self_Steam_Locomotive\test\ours_300_strict_intrinsic,19.09286117553711,00009.png,0.5254902243614197,0.2175767868757248,0.019607843831181526,2cdbdd175adffc243e3ed1552e77461415f20d73cba8c89e398eb75b29d3dc88,0.0987589955329895,H,self_Steam_Locomotive,0.635080873966217,1600
True,0.9254902005195618,0.3436160087585449,0.0,633a5406bcf296139e36bd9f8f5c64a58a8eb444c1b3b875b0cca441417ffc2b,1060,IMG_6283.TIF,False,10,0.9044349193572998,official_3dgs,G:\wl3dgs\3dgs_runs\two_scene_smoke_20260701_clean\M\official_3dgs\iter_10\web_Terrestrial\test\ours_10,16.794322967529297,00000.png,0.6823529601097107,0.2837217152118683,0.07058823853731155,ac72138ec851b5fe424b40196be9a5eac7b8f89818559d020345be8255e9eac6,0.09930572658777237,M,web_Terrestrial,0.4993748664855957,1600
True,0.8705882430076599,0.2922687828540802,0.0,5ee251c5e52d213ebdf8d7ee05eb39f3dbc4593a5b248734c8907551f93dc1a1,1060,IMG_6299.TIF,False,10,0.8471482992172241,official_3dgs,G:\wl3dgs\3dgs_runs\two_scene_smoke_20260701_clean\M\official_3dgs\iter_10\web_Terrestrial\test\ours_10,19.85745620727539,00001.png,0.6823529601097107,0.2795675992965698,0.08627451211214066,4c964ff583da7064595b7d59d372fb05ec44bf3a8c03154246781d0c96ea7380,0.1011306419968605,M,web_Terrestrial,0.6172394156455994,1600
True,1.0,0.305289626121521,0.0,19f517392bf7f7d59f2d891bb3c664e3c83595f00915254db11fdd1e5d07c85e,1060,IMG_6315.TIF,False,10,0.9205220937728882,official_3dgs,G:\wl3dgs\3dgs_runs\two_scene_smoke_20260701_clean\M\official_3dgs\iter_10\web_Terrestrial\test\ours_10,16.755023956298828,00002.png,0.6784313917160034,0.27343401312828064,0.0941176488995552,4c9d3bfb1d4176687b8eb2ff04cf7eb8c2081ba45da50ece2109d14b7e8605e9,0.10189609974622726,M,web_Terrestrial,0.4813230633735657,1600
True,0.9019607901573181,0.30337363481521606,0.0,3f39736867e01b82dca25899168a85e79ca6f03893f9ecdb0872bbaf003791ec,1060,IMG_6977.TIF,False,10,0.8141135573387146,official_3dgs,G:\wl3dgs\3dgs_runs\two_scene_smoke_20260701_clean\M\official_3dgs\iter_10\web_Terrestrial\test\ours_10,20.180185317993164,00003.png,0.6784313917160034,0.2930949330329895,0.10980392247438431,40655b78cf942ff41ec7c1b58906719e37da45d83dd65dd23a86a4f6aa90306c,0.10526962578296661,M,web_Terrestrial,0.7579168081283569,1600
True,0.9215686321258545,0.3704335689544678,0.0,8fdedeec2820b22aff16043a7d3aa45a09155b701b5a1429e672bc0080672186,1060,IMG_6993.TIF,False,10,0.8675064444541931,official_3dgs,G:\wl3dgs\3dgs_runs\two_scene_smoke_20260701_clean\M\official_3dgs\iter_10\web_Terrestrial\test\ours_10,17.478124618530273,00004.png,0.6784313917160034,0.337005615234375,0.12941177189350128,8c7d515c340968a406b6c693fedfdc6174fd5a0c8dc25576dcb28c6688560813,0.08825421333312988,M,web_Terrestrial,0.6262580752372742,1600
True,0.9803921580314636,0.3445885181427002,0.0,07a94133de21296c503891d9ca5d56a87ff0c3ddb6b0060e9e647a990c56a971,1060,IMG_7009.TIF,False,10,0.8277375102043152,official_3dgs,G:\wl3dgs\3dgs_runs\two_scene_smoke_20260701_clean\M\official_3dgs\iter_10\web_Terrestrial\test\ours_10,18.499099731445312,00005.png,0.6901960968971252,0.2987833023071289,0.0784313753247261,04a430b3de1c00499abcc9ecdfeef1df490a1cd43ba6ce39e844aef8dba2e583,0.10125541687011719,M,web_Terrestrial,0.6250917911529541,1600
True,0.8941176533699036,0.2732152044773102,0.0,39ee4ae67dec0c3f8613b4271cfb35e00c51e02f4eb04b4b17209b24cd7f61fa,1060,IMG_7025.TIF,False,10,0.8276035785675049,official_3dgs,G:\wl3dgs\3dgs_runs\two_scene_smoke_20260701_clean\M\official_3dgs\iter_10\web_Terrestrial\test\ours_10,19.643962860107422,00006.png,0.6784313917160034,0.24799510836601257,0.06666667014360428,1edad46179338bfdf638b5c703ce0be8596e9ffeec95f77aeb50047759b9bf55,0.11024098098278046,M,web_Terrestrial,0.6136432886123657,1600
True,0.9411764740943909,0.28958645462989807,0.0,b7a5121927d7cfd006ded8e492a74d19b8ce72cf37c441a0848d81dfda481e23,1060,IMG_7041.TIF,False,10,0.8492517471313477,official_3dgs,G:\wl3dgs\3dgs_runs\two_scene_smoke_20260701_clean\M\official_3dgs\iter_10\web_Terrestrial\test\ours_10,17.73981285095215,00007.png,0.6823529601097107,0.23724108934402466,0.05098039284348488,802cfe9e2c0ca135afddc4b5ae93b1bfab05d5991340e330bba31332582788a8,0.11545612663030624,M,web_Terrestrial,0.6622677445411682,1600
True,0.886274516582489,0.3790470361709595,0.0,8b445fc977d4011006a222a5d3827de0e41b33d26ee3d3e8fba5f51ae83db0b5,1018,_DSC1595.JPG,False,10,0.9042444229125977,official_3dgs,G:\wl3dgs\3dgs_runs\two_scene_smoke_20260701_clean\M\official_3dgs\iter_10\web_Terrestrial\test\ours_10,15.516889572143555,00008.png,0.6627451181411743,0.2964901030063629,0.062745101749897,0dd9de854a5e10f706020ea523f074efcc649ade348aa454bd752f91580a062b,0.11955603212118149,M,web_Terrestrial,0.6577448844909668,1600
True,1.0,0.411685049533844,0.0,a033a52180c0bfbeda0eb6befe982963f048e07d2236c3c5bf5bf8881e4e19be,1018,_DSC1603.JPG,False,10,0.9093707203865051,official_3dgs,G:\wl3dgs\3dgs_runs\two_scene_smoke_20260701_clean\M\official_3dgs\iter_10\web_Terrestrial\test\ours_10,14.458260536193848,00009.png,0.7568627595901489,0.26981887221336365,0.0235294122248888,f925236c1d86858abdb4a7a8728eb2fba94d9db806622ad4956fa61f33eab5d4,0.11440619081258774,M,web_Terrestrial,0.6529200077056885,1600
True,1.0,0.39592447876930237,0.0,adae8feeae95e2e7aa807615c17c5d2773acee3efb58670111760aa4512e8a0b,1018,_DSC1611.JPG,False,10,0.8800722360610962,official_3dgs,G:\wl3dgs\3dgs_runs\two_scene_smoke_20260701_clean\M\official_3dgs\iter_10\web_Terrestrial\test\ours_10,11.482231140136719,00010.png,0.7411764860153198,0.24738380312919617,0.03921568766236305,ab2e7cbd6e26e7d4798c05622f6a04f7b845ee56366ff85ce1f2e96e2b6baf25,0.11418996006250381,M,web_Terrestrial,0.6631012558937073,1600
True,0.9686274528503418,0.4418792426586151,0.0,879f092227d450c930cf5c48b3fbcfd075470fb11871cca141b77953cd220feb,1018,_DSC1619.JPG,False,10,0.9340784549713135,official_3dgs,G:\wl3dgs\3dgs_runs\two_scene_smoke_20260701_clean\M\official_3dgs\iter_10\web_Terrestrial\test\ours_10,10.154928207397461,00011.png,0.6235294342041016,0.19978274405002594,0.0,d5651d83a004dca319f8a0907e4ad0eca7eea43f6a5d4790030adaf310f0a136,0.11552777886390686,M,web_Terrestrial,0.47938457131385803,1600
True,0.886274516582489,0.469302237033844,0.0,be1590f6213ea796fa1425edf6af4d26e039c2a78e7ddb51f96a7fa979b6fcc1,1018,_DSC1627.JPG,False,10,0.8627822399139404,official_3dgs,G:\wl3dgs\3dgs_runs\two_scene_smoke_20260701_clean\M\official_3dgs\iter_10\web_Terrestrial\test\ours_10,14.148691177368164,00012.png,0.7333333492279053,0.37692680954933167,0.12941177189350128,9bcdf1d64da747df5a7a30d20d9f01ee34772dadea8e849ab5822838bde17bfe,0.11519423127174377,M,web_Terrestrial,0.6317500472068787,1600
True,0.9960784316062927,0.46987658739089966,0.0,b7aaa5b607d55381923874cd3fec749a2ae88a8efc1ca0a3d1af4e150d4210cb,1018,_DSC1635.JPG,False,10,0.899968147277832,official_3dgs,G:\wl3dgs\3dgs_runs\two_scene_smoke_20260701_clean\M\official_3dgs\iter_10\web_Terrestrial\test\ours_10,11.883954048156738,00013.png,0.7019608020782471,0.2856978476047516,0.0470588244497776,18bf6af7e635255ffab4259f82542b4e9ae95ec1ed84edd55c5420dba8926792,0.1420348882675171,M,web_Terrestrial,0.6517835259437561,1600
True,0.9450980424880981,0.41610297560691833,0.0,a900504a73530fbfb50f07605c944f9db3f5ceba652ea691a8162126c93d79da,1018,_DSC1643.JPG,False,10,0.8784077167510986,official_3dgs,G:\wl3dgs\3dgs_runs\two_scene_smoke_20260701_clean\M\official_3dgs\iter_10\web_Terrestrial\test\ours_10,12.738773345947266,00014.png,0.6666666865348816,0.2981574237346649,0.11372549086809158,be8d1c5d292f421ac512f092dc7a408da3f67fc5ca6f058785c1d7805d1923de,0.09366969019174576,M,web_Terrestrial,0.6405478119850159,1600
True,1.0,0.44148942828178406,0.0,79338bfa8fb6f4ece195a1323dcf64c185613fe0c4ce2d9d6c26650e444f290a,1018,_DSC1651.JPG,False,10,0.9210325479507446,official_3dgs,G:\wl3dgs\3dgs_runs\two_scene_smoke_20260701_clean\M\official_3dgs\iter_10\web_Terrestrial\test\ours_10,12.656976699829102,00015.png,0.6431372761726379,0.2737590968608856,0.05882352963089943,a82c87ab2ba9e6438520a2af3abef3ac1f86ad16acf92287db6646395b566c14,0.09440649300813675,M,web_Terrestrial,0.6723361015319824,1600
True,1.0,0.4056372344493866,0.0,1d6fdf0ab99c2d288edb62247f3fbe986292c370c9065e29f37dbb60820c39e5,1018,_DSC1659.JPG,False,10,0.8902797102928162,official_3dgs,G:\wl3dgs\3dgs_runs\two_scene_smoke_20260701_clean\M\official_3dgs\iter_10\web_Terrestrial\test\ours_10,14.01904582977295,00016.png,0.5137255191802979,0.24981394410133362,0.05882352963089943,8c20ebe62b85ac7cca2e6dece0380bef663e71af55f1f9a563c6bf5079290957,0.09056568145751953,M,web_Terrestrial,0.7190665006637573,1600
True,1.0,0.5642760992050171,0.0,7b40d3c2622b8c483df38c0aa14ffba094bdcf7d8df88eee872be38018d3c7f9,1050,_DSC5568_1.JPG,False,10,0.9761791229248047,official_3dgs,G:\wl3dgs\3dgs_runs\two_scene_smoke_20260701_clean\M\official_3dgs\iter_10\web_Terrestrial\test\ours_10,10.659489631652832,00017.png,0.6078431606292725,0.34241047501564026,0.11764705926179886,70136fd5d90e898f76f06f99df397d22474a31f6065483b0a7c295658c3eed33,0.08337526768445969,M,web_Terrestrial,0.6362806558609009,1600
True,1.0,0.5325760841369629,0.003921568859368563,14e8c7e9bac4dd95fa2bf8361eb01264bc035176a6db02cda2b17981a8713853,1050,_DSC5576_1.JPG,False,10,1.018369436264038,official_3dgs,G:\wl3dgs\3dgs_runs\two_scene_smoke_20260701_clean\M\official_3dgs\iter_10\web_Terrestrial\test\ours_10,10.764202117919922,00018.png,0.5882353186607361,0.3239739239215851,0.08235294371843338,fdcf7b6d841608693894aa0e6b31da87ce53ed294f76ee76411661f8150410bf,0.08265964686870575,M,web_Terrestrial,0.6218438148498535,1600
True,0.9960784316062927,0.49910882115364075,0.0,14cdec53bf1b509f78bf1544ce873efd2721934562b306ae0197aee1bff8c626,1050,_DSC5591_1.JPG,False,10,0.966924786567688,official_3dgs,G:\wl3dgs\3dgs_runs\two_scene_smoke_20260701_clean\M\official_3dgs\iter_10\web_Terrestrial\test\ours_10,13.471870422363281,00019.png,0.6509804129600525,0.3534233272075653,0.1411764770746231,e6666a3f6c91c9cc97b2f65e4c5e3e1a13ed13c3d411932e7f16e86c07d68ac2,0.09320950508117676,M,web_Terrestrial,0.5678821206092834,1600
True,0.9058823585510254,0.4898781180381775,0.0,5261cf2c98db0d3ac8e84a03f501503851ef6e4c5d97c35b6e10705dfc82567d,1050,_DSC5599_1.JPG,False,10,1.0288090705871582,official_3dgs,G:\wl3dgs\3dgs_runs\two_scene_smoke_20260701_clean\M\official_3dgs\iter_10\web_Terrestrial\test\ours_10,15.213109970092773,00020.png,0.7137255072593689,0.37785887718200684,0.10588235408067703,40a5b9ed4c797d3c554ed4bdb98881e3a13c3af06da64c614d83eb4d503daa6f,0.10279326885938644,M,web_Terrestrial,0.5507809519767761,1600
True,0.8705882430076599,0.4359828233718872,0.0,068c221bc9cde96572e025d9d49823a3527bd70e40cdc2b39f5ed13221bb744a,1050,_DSC5607_1.JPG,False,10,0.9862992763519287,official_3dgs,G:\wl3dgs\3dgs_runs\two_scene_smoke_20260701_clean\M\official_3dgs\iter_10\web_Terrestrial\test\ours_10,15.07516098022461,00021.png,0.729411780834198,0.343600332736969,0.13333334028720856,87baf2e021e9fa824aeca30077875695d8e7d473ff21e9da4b1fd3bc581f0a5c,0.10299956798553467,M,web_Terrestrial,0.547107458114624,1600
True,0.9647058844566345,0.5717019438743591,0.0,c2cd98dd58b0b1fb794dbbb356d6b49f8e1a5fb0a673c0b8b0f77ac991da3d59,1050,_DSC5617_1.JPG,False,10,0.9544587135314941,official_3dgs,G:\wl3dgs\3dgs_runs\two_scene_smoke_20260701_clean\M\official_3dgs\iter_10\web_Terrestrial\test\ours_10,10.043905258178711,00022.png,0.686274528503418,0.3138149678707123,0.0941176488995552,67f5c82e805f21b119c4e62f34ca6f11d72c7f56d115b14e1d9a17d2bb22b6fa,0.09031318873167038,M,web_Terrestrial,0.5374895930290222,1600
True,1.0,0.5406155586242676,0.0,82be7fcbcc46da46d0c04a210d96c5819259fa3b61bdba72c49a49e9dfa27331,1050,_DSC5627.JPG,False,10,0.974271297454834,official_3dgs,G:\wl3dgs\3dgs_runs\two_scene_smoke_20260701_clean\M\official_3dgs\iter_10\web_Terrestrial\test\ours_10,10.226980209350586,00023.png,0.6549019813537598,0.2943479120731354,0.0941176488995552,ee0d00d79b747abd2544b1fc669d7a2b08cd11fc08476cfa003a32a8c7666171,0.109473817050457,M,web_Terrestrial,0.5242600440979004,1600
True,0.9254902005195618,0.3436160087585449,0.0,633a5406bcf296139e36bd9f8f5c64a58a8eb444c1b3b875b0cca441417ffc2b,1060,IMG_6283.TIF,False,300,0.7522337436676025,official_3dgs,G:\wl3dgs\3dgs_runs\two_scene_smoke_20260701_clean\M\official_3dgs\iter_300\web_Terrestrial\test\ours_300,19.683441162109375,00000.png,0.8470588326454163,0.3551138937473297,0.03529411926865578,292e0a96984d3623a96d75d73ff6ed705adbddc8a8fadc643958d7a08c2e2f88,0.12006238102912903,M,web_Terrestrial,0.5464573502540588,1600
True,0.8705882430076599,0.2922687828540802,0.0,5ee251c5e52d213ebdf8d7ee05eb39f3dbc4593a5b248734c8907551f93dc1a1,1060,IMG_6299.TIF,False,300,0.6823663711547852,official_3dgs,G:\wl3dgs\3dgs_runs\two_scene_smoke_20260701_clean\M\official_3dgs\iter_300\web_Terrestrial\test\ours_300,20.496912002563477,00001.png,0.8235294222831726,0.32137778401374817,0.0470588244497776,16bd8da7da5ae313d2d36932e624bdbd4614d8b6fddd4b0080933ae73606739b,0.14166131615638733,M,web_Terrestrial,0.6612569093704224,1600
True,1.0,0.305289626121521,0.0,19f517392bf7f7d59f2d891bb3c664e3c83595f00915254db11fdd1e5d07c85e,1060,IMG_6315.TIF,False,300,0.7534245848655701,official_3dgs,G:\wl3dgs\3dgs_runs\two_scene_smoke_20260701_clean\M\official_3dgs\iter_300\web_Terrestrial\test\ours_300,18.91486930847168,00002.png,0.8156862854957581,0.315125972032547,0.062745101749897,61f2af1363ff64441915f7afd1e3fc0e67b8d7ff7c39e184640d19edd379bf7c,0.13886405527591705,M,web_Terrestrial,0.5319937467575073,1600
True,0.9019607901573181,0.30337363481521606,0.0,3f39736867e01b82dca25899168a85e79ca6f03893f9ecdb0872bbaf003791ec,1060,IMG_6977.TIF,False,300,0.6985813975334167,official_3dgs,G:\wl3dgs\3dgs_runs\two_scene_smoke_20260701_clean\M\official_3dgs\iter_300\web_Terrestrial\test\ours_300,21.505779266357422,00003.png,0.8588235378265381,0.34679800271987915,0.05882352963089943,5c954173c9138f8f8148949e9629f428a1775db619012f82c0462f951203ce3b,0.13978134095668793,M,web_Terrestrial,0.7842403650283813,1600
True,0.9215686321258545,0.3704335689544678,0.0,8fdedeec2820b22aff16043a7d3aa45a09155b701b5a1429e672bc0080672186,1060,IMG_6993.TIF,False,300,0.6654407978057861,official_3dgs,G:\wl3dgs\3dgs_runs\two_scene_smoke_20260701_clean\M\official_3dgs\iter_300\web_Terrestrial\test\ours_300,21.153926849365234,00004.png,0.8470588326454163,0.3813548982143402,0.05882352963089943,c70df462febc19f9be2ec630f16f2f02af6e7e1f6ca5a9445c9d411ff225f1fb,0.14095261693000793,M,web_Terrestrial,0.676356315612793,1600
True,0.9803921580314636,0.3445885181427002,0.0,07a94133de21296c503891d9ca5d56a87ff0c3ddb6b0060e9e647a990c56a971,1060,IMG_7009.TIF,False,300,0.6289008259773254,official_3dgs,G:\wl3dgs\3dgs_runs\two_scene_smoke_20260701_clean\M\official_3dgs\iter_300\web_Terrestrial\test\ours_300,22.787683486938477,00005.png,0.8352941274642944,0.3426620662212372,0.03529411926865578,2ebc51ebde66111b1bffe41bd01422e0780f709e0f682a5c01f6f2a345a21efd,0.1471947580575943,M,web_Terrestrial,0.6806600689888,1600
True,0.8941176533699036,0.2732152044773102,0.0,39ee4ae67dec0c3f8613b4271cfb35e00c51e02f4eb04b4b17209b24cd7f61fa,1060,IMG_7025.TIF,False,300,0.6509474515914917,official_3dgs,G:\wl3dgs\3dgs_runs\two_scene_smoke_20260701_clean\M\official_3dgs\iter_300\web_Terrestrial\test\ours_300,22.228256225585938,00006.png,0.8196078538894653,0.27394646406173706,0.0470588244497776,8536d6a4f933b1f3e3b4ab1792d5c408a86e89b36b642e6246b48934d37a375e,0.14502404630184174,M,web_Terrestrial,0.6648990511894226,1600
True,0.9411764740943909,0.28958645462989807,0.0,b7a5121927d7cfd006ded8e492a74d19b8ce72cf37c441a0848d81dfda481e23,1060,IMG_7041.TIF,False,300,0.675951361656189,official_3dgs,G:\wl3dgs\3dgs_runs\two_scene_smoke_20260701_clean\M\official_3dgs\iter_300\web_Terrestrial\test\ours_300,22.584135055541992,00007.png,0.8078431487083435,0.2848289906978607,0.054901961237192154,02c0f32babb8dfe5246f04dfd306743d64dda800203dad7fb7e7e20d00c35cf6,0.1469564139842987,M,web_Terrestrial,0.754371702671051,1600
True,0.886274516582489,0.3790470361709595,0.0,8b445fc977d4011006a222a5d3827de0e41b33d26ee3d3e8fba5f51ae83db0b5,1018,_DSC1595.JPG,False,300,0.8791897296905518,official_3dgs,G:\wl3dgs\3dgs_runs\two_scene_smoke_20260701_clean\M\official_3dgs\iter_300\web_Terrestrial\test\ours_300,18.764904022216797,00008.png,0.800000011920929,0.3931121826171875,0.06666667014360428,3bb2cd8b9da1d09b3f55956c43099ea008ff9198cb18d3e278b6e38830228b19,0.1484503298997879,M,web_Terrestrial,0.6938040256500244,1600
True,1.0,0.411685049533844,0.0,a033a52180c0bfbeda0eb6befe982963f048e07d2236c3c5bf5bf8881e4e19be,1018,_DSC1603.JPG,False,300,0.8926609754562378,official_3dgs,G:\wl3dgs\3dgs_runs\two_scene_smoke_20260701_clean\M\official_3dgs\iter_300\web_Terrestrial\test\ours_300,18.149011611938477,00009.png,0.9019607901573181,0.34359675645828247,0.0784313753247261,5eaac498800e12a28adc5325591e9554f39663bb9af22492158c7320aa872b0c,0.12979038059711456,M,web_Terrestrial,0.7235377430915833,1600
True,1.0,0.39592447876930237,0.0,adae8feeae95e2e7aa807615c17c5d2773acee3efb58670111760aa4512e8a0b,1018,_DSC1611.JPG,False,300,0.8497753143310547,official_3dgs,G:\wl3dgs\3dgs_runs\two_scene_smoke_20260701_clean\M\official_3dgs\iter_300\web_Terrestrial\test\ours_300,12.793521881103516,00010.png,0.8666666746139526,0.33336377143859863,0.05098039284348488,f49e12c3fc988153ff67a346bae5deab68f84cee1b826dac73980c1a7a78ca7e,0.12889514863491058,M,web_Terrestrial,0.7286409735679626,1600
True,0.9686274528503418,0.4418792426586151,0.0,879f092227d450c930cf5c48b3fbcfd075470fb11871cca141b77953cd220feb,1018,_DSC1619.JPG,False,300,0.9180466532707214,official_3dgs,G:\wl3dgs\3dgs_runs\two_scene_smoke_20260701_clean\M\official_3dgs\iter_300\web_Terrestrial\test\ours_300,12.349329948425293,00011.png,0.7450980544090271,0.2941818833351135,0.003921568859368563,182572b2e673f515dc968037a99e555e820ce76a24e20276f5921ad5ba0ea21f,0.1294499635696411,M,web_Terrestrial,0.5995225310325623,1600
True,0.886274516582489,0.469302237033844,0.0,be1590f6213ea796fa1425edf6af4d26e039c2a78e7ddb51f96a7fa979b6fcc1,1018,_DSC1627.JPG,False,300,0.8614307641983032,official_3dgs,G:\wl3dgs\3dgs_runs\two_scene_smoke_20260701_clean\M\official_3dgs\iter_300\web_Terrestrial\test\ours_300,16.212703704833984,00012.png,0.8078431487083435,0.5028443932533264,0.14509804546833038,37dde0be982e814c7a48c6d3bcd91f29d05ebb46c9e19baac3dda0a24fd358a8,0.10456675291061401,M,web_Terrestrial,0.6732177138328552,1600
True,0.9960784316062927,0.46987658739089966,0.0,b7aaa5b607d55381923874cd3fec749a2ae88a8efc1ca0a3d1af4e150d4210cb,1018,_DSC1635.JPG,False,300,0.8566669225692749,official_3dgs,G:\wl3dgs\3dgs_runs\two_scene_smoke_20260701_clean\M\official_3dgs\iter_300\web_Terrestrial\test\ours_300,15.53062915802002,00013.png,0.7764706015586853,0.39438551664352417,0.0117647061124444,ac33582310a1f414208a3cf6c09a351bbed9e72bc7c8398baffd3030206f5657,0.14245665073394775,M,web_Terrestrial,0.7544159293174744,1600
True,0.9450980424880981,0.41610297560691833,0.0,a900504a73530fbfb50f07605c944f9db3f5ceba652ea691a8162126c93d79da,1018,_DSC1643.JPG,False,300,0.8225870132446289,official_3dgs,G:\wl3dgs\3dgs_runs\two_scene_smoke_20260701_clean\M\official_3dgs\iter_300\web_Terrestrial\test\ours_300,17.679859161376953,00014.png,0.8666666746139526,0.42770475149154663,0.027450980618596077,d1a1748b9fa20c2966cd4edb5bc92345ab4cf9afebcfb0326e089ef777288b57,0.17022714018821716,M,web_Terrestrial,0.7089731097221375,1600
True,1.0,0.44148942828178406,0.0,79338bfa8fb6f4ece195a1323dcf64c185613fe0c4ce2d9d6c26650e444f290a,1018,_DSC1651.JPG,False,300,0.8450590968132019,official_3dgs,G:\wl3dgs\3dgs_runs\two_scene_smoke_20260701_clean\M\official_3dgs\iter_300\web_Terrestrial\test\ours_300,19.183956146240234,00015.png,0.8627451062202454,0.39472073316574097,0.062745101749897,3629c6db3fea0cf5af907dd1293db34207834a85f37a7cf4ae8a67ba7831857f,0.15838785469532013,M,web_Terrestrial,0.7803913950920105,1600
True,1.0,0.4056372344493866,0.0,1d6fdf0ab99c2d288edb62247f3fbe986292c370c9065e29f37dbb60820c39e5,1018,_DSC1659.JPG,False,300,0.8217014074325562,official_3dgs,G:\wl3dgs\3dgs_runs\two_scene_smoke_20260701_clean\M\official_3dgs\iter_300\web_Terrestrial\test\ours_300,22.947893142700195,00016.png,0.686274528503418,0.3965097665786743,0.04313725605607033,23e28835de6f75917013cd6471d25e21a025104bd9d23bbdec4ec9025b34f7f0,0.15719760954380035,M,web_Terrestrial,0.8089202642440796,1600
True,1.0,0.5642760992050171,0.0,7b40d3c2622b8c483df38c0aa14ffba094bdcf7d8df88eee872be38018d3c7f9,1050,_DSC5568_1.JPG,False,300,0.8620721697807312,official_3dgs,G:\wl3dgs\3dgs_runs\two_scene_smoke_20260701_clean\M\official_3dgs\iter_300\web_Terrestrial\test\ours_300,14.802511215209961,00017.png,0.8509804010391235,0.47051581740379333,0.08235294371843338,bce50c2303ddaf4dc3dd2a8d3ee650832d265a2a417bdc94327f2369cc8da599,0.1530400663614273,M,web_Terrestrial,0.7154149413108826,1600
True,1.0,0.5325760841369629,0.003921568859368563,14e8c7e9bac4dd95fa2bf8361eb01264bc035176a6db02cda2b17981a8713853,1050,_DSC5576_1.JPG,False,300,0.9149070382118225,official_3dgs,G:\wl3dgs\3dgs_runs\two_scene_smoke_20260701_clean\M\official_3dgs\iter_300\web_Terrestrial\test\ours_300,16.406843185424805,00018.png,0.8078431487083435,0.4782044291496277,0.0784313753247261,67f7e77dd31ae446e5b25a85ba5b29538bbe5ee2537cb3663bb598dd281aa984,0.14704708755016327,M,web_Terrestrial,0.722033679485321,1600
True,0.9960784316062927,0.49910882115364075,0.0,14cdec53bf1b509f78bf1544ce873efd2721934562b306ae0197aee1bff8c626,1050,_DSC5591_1.JPG,False,300,0.9450460076332092,official_3dgs,G:\wl3dgs\3dgs_runs\two_scene_smoke_20260701_clean\M\official_3dgs\iter_300\web_Terrestrial\test\ours_300,17.13097381591797,00019.png,0.729411780834198,0.463222473859787,0.21176470816135406,0c717b69c03e378b2f8c46bf42f1891f23b7bf32e7b97c41655b2f439d2d44f8,0.11005154252052307,M,web_Terrestrial,0.6044930219650269,1600
True,0.9058823585510254,0.4898781180381775,0.0,5261cf2c98db0d3ac8e84a03f501503851ef6e4c5d97c35b6e10705dfc82567d,1050,_DSC5599_1.JPG,False,300,1.0181998014450073,official_3dgs,G:\wl3dgs\3dgs_runs\two_scene_smoke_20260701_clean\M\official_3dgs\iter_300\web_Terrestrial\test\ours_300,18.33036231994629,00020.png,0.7490196228027344,0.5016766786575317,0.19607843458652496,cdc6ac4d5996ca1499f2b5b207a8f0687218bdb681c67403f1705956a32e26f0,0.10597934573888779,M,web_Terrestrial,0.576840341091156,1600
True,0.8705882430076599,0.4359828233718872,0.0,068c221bc9cde96572e025d9d49823a3527bd70e40cdc2b39f5ed13221bb744a,1050,_DSC5607_1.JPG,False,300,0.9802541732788086,official_3dgs,G:\wl3dgs\3dgs_runs\two_scene_smoke_20260701_clean\M\official_3dgs\iter_300\web_Terrestrial\test\ours_300,17.929792404174805,00021.png,0.7764706015586853,0.4417033791542053,0.07450980693101883,c702678a3995232608197abd97517ad481d57292c955bc3a1c290d2ab83701e5,0.1415017545223236,M,web_Terrestrial,0.576022207736969,1600
True,0.9647058844566345,0.5717019438743591,0.0,c2cd98dd58b0b1fb794dbbb356d6b49f8e1a5fb0a673c0b8b0f77ac991da3d59,1050,_DSC5617_1.JPG,False,300,0.9279307126998901,official_3dgs,G:\wl3dgs\3dgs_runs\two_scene_smoke_20260701_clean\M\official_3dgs\iter_300\web_Terrestrial\test\ours_300,13.483478546142578,00022.png,0.8784313797950745,0.42046573758125305,0.019607843831181526,183df2b88a15f9ac4cf4e23e5c2725fd04d0eba55f02900457a382d0acabde67,0.15415261685848236,M,web_Terrestrial,0.5984127521514893,1600
True,1.0,0.5406155586242676,0.0,82be7fcbcc46da46d0c04a210d96c5819259fa3b61bdba72c49a49e9dfa27331,1050,_DSC5627.JPG,False,300,0.9578403234481812,official_3dgs,G:\wl3dgs\3dgs_runs\two_scene_smoke_20260701_clean\M\official_3dgs\iter_300\web_Terrestrial\test\ours_300,12.883235931396484,00023.png,0.8666666746139526,0.36501821875572205,0.027450980618596077,3b75873ffcb78025ee2d1333bb8779e96ad50241ae4577c4152a6d1c1dd6c5c3,0.18603327870368958,M,web_Terrestrial,0.5592246055603027,1600
True,0.9254902005195618,0.3436160087585449,0.0,633a5406bcf296139e36bd9f8f5c64a58a8eb444c1b3b875b0cca441417ffc2b,1060,IMG_6283.TIF,False,10,0.958975613117218,gsw_strict_intrinsic,G:\wl3dgs\3dgs_runs\two_scene_smoke_20260701_clean\M\gsw_strict_intrinsic\iter_10\web_Terrestrial\test\ours_10_strict_intrinsic,10.439823150634766,00000.png,0.45098039507865906,0.11088384687900543,0.0,2684e8dc095a31514d11c051f9780abd905ba2ed05e749885b773fba3c79e5be,0.11430768668651581,M,web_Terrestrial,0.24357864260673523,1600
True,0.8705882430076599,0.2922687828540802,0.0,5ee251c5e52d213ebdf8d7ee05eb39f3dbc4593a5b248734c8907551f93dc1a1,1060,IMG_6299.TIF,False,10,0.9813739061355591,gsw_strict_intrinsic,G:\wl3dgs\3dgs_runs\two_scene_smoke_20260701_clean\M\gsw_strict_intrinsic\iter_10\web_Terrestrial\test\ours_10_strict_intrinsic,11.992287635803223,00001.png,0.40392157435417175,0.10966446995735168,0.0,e9b481da95f108f35ef8d5da67c3adbee72bd23d89bded66e2272ca5af93966f,0.09651585668325424,M,web_Terrestrial,0.3374314606189728,1600
True,1.0,0.305289626121521,0.0,19f517392bf7f7d59f2d891bb3c664e3c83595f00915254db11fdd1e5d07c85e,1060,IMG_6315.TIF,False,10,1.014728307723999,gsw_strict_intrinsic,G:\wl3dgs\3dgs_runs\two_scene_smoke_20260701_clean\M\gsw_strict_intrinsic\iter_10\web_Terrestrial\test\ours_10_strict_intrinsic,10.591958999633789,00002.png,0.3176470696926117,0.08340912312269211,0.0,e65b6b172d7cec2776b3d5f6362c90a16897ee58e963b2436709191832ca245a,0.0684746727347374,M,web_Terrestrial,0.25766700506210327,1600
True,0.9019607901573181,0.30337363481521606,0.0,3f39736867e01b82dca25899168a85e79ca6f03893f9ecdb0872bbaf003791ec,1060,IMG_6977.TIF,False,10,0.9455257058143616,gsw_strict_intrinsic,G:\wl3dgs\3dgs_runs\two_scene_smoke_20260701_clean\M\gsw_strict_intrinsic\iter_10\web_Terrestrial\test\ours_10_strict_intrinsic,11.652108192443848,00003.png,0.43529412150382996,0.10972627997398376,0.0,1dc05fe2b6b9811eb67a9687074a62ff61220ae8cd460cfa20304b24504f933d,0.10639800131320953,M,web_Terrestrial,0.3968549072742462,1600
True,0.9215686321258545,0.3704335689544678,0.0,8fdedeec2820b22aff16043a7d3aa45a09155b701b5a1429e672bc0080672186,1060,IMG_6993.TIF,False,10,0.9754003286361694,gsw_strict_intrinsic,G:\wl3dgs\3dgs_runs\two_scene_smoke_20260701_clean\M\gsw_strict_intrinsic\iter_10\web_Terrestrial\test\ours_10_strict_intrinsic,9.88226318359375,00004.png,0.43921568989753723,0.13039425015449524,0.0,7d88e4ba95a1aa001a80bf7cebc3ddbbba4f21154691c4ed590c05f472f4aff2,0.11460375785827637,M,web_Terrestrial,0.3366096615791321,1600
True,0.9803921580314636,0.3445885181427002,0.0,07a94133de21296c503891d9ca5d56a87ff0c3ddb6b0060e9e647a990c56a971,1060,IMG_7009.TIF,False,10,0.9664803147315979,gsw_strict_intrinsic,G:\wl3dgs\3dgs_runs\two_scene_smoke_20260701_clean\M\gsw_strict_intrinsic\iter_10\web_Terrestrial\test\ours_10_strict_intrinsic,10.701501846313477,00005.png,0.4156862795352936,0.12072840332984924,0.0,6fce850c809f2b8795f0adffe3bf5a7928f16dd4970c3ba4e59b39e6354051d4,0.09801425039768219,M,web_Terrestrial,0.34372028708457947,1600
True,0.8941176533699036,0.2732152044773102,0.0,39ee4ae67dec0c3f8613b4271cfb35e00c51e02f4eb04b4b17209b24cd7f61fa,1060,IMG_7025.TIF,False,10,0.9593777656555176,gsw_strict_intrinsic,G:\wl3dgs\3dgs_runs\two_scene_smoke_20260701_clean\M\gsw_strict_intrinsic\iter_10\web_Terrestrial\test\ours_10_strict_intrinsic,12.506071090698242,00006.png,0.364705890417099,0.09926575422286987,0.0,12e9f9444ab8e3981efd110c90377cf547d629397d7363849549a52859f69bfb,0.08020557463169098,M,web_Terrestrial,0.3562506437301636,1600
True,0.9411764740943909,0.28958645462989807,0.0,b7a5121927d7cfd006ded8e492a74d19b8ce72cf37c441a0848d81dfda481e23,1060,IMG_7041.TIF,False,10,0.9965390563011169,gsw_strict_intrinsic,G:\wl3dgs\3dgs_runs\two_scene_smoke_20260701_clean\M\gsw_strict_intrinsic\iter_10\web_Terrestrial\test\ours_10_strict_intrinsic,11.250328063964844,00007.png,0.2862745225429535,0.07224977016448975,0.0,079d3c9943316655d35a73a465c8b1c301cc7fd4eee053e78d19aa0b40baafb3,0.06516149640083313,M,web_Terrestrial,0.3248441815376282,1600
True,0.886274516582489,0.3790470361709595,0.0,8b445fc977d4011006a222a5d3827de0e41b33d26ee3d3e8fba5f51ae83db0b5,1018,_DSC1595.JPG,False,10,1.0290594100952148,gsw_strict_intrinsic,G:\wl3dgs\3dgs_runs\two_scene_smoke_20260701_clean\M\gsw_strict_intrinsic\iter_10\web_Terrestrial\test\ours_10_strict_intrinsic,9.23854923248291,00008.png,0.3686274588108063,0.10844156891107559,0.0,b9a7d1a530b110f5558abb1f6ab92a047ba877156b6e7a74b9bc4baff1ed73d3,0.0840478390455246,M,web_Terrestrial,0.3591565191745758,1600
True,1.0,0.411685049533844,0.0,a033a52180c0bfbeda0eb6befe982963f048e07d2236c3c5bf5bf8881e4e19be,1018,_DSC1603.JPG,False,10,1.1026653051376343,gsw_strict_intrinsic,G:\wl3dgs\3dgs_runs\two_scene_smoke_20260701_clean\M\gsw_strict_intrinsic\iter_10\web_Terrestrial\test\ours_10_strict_intrinsic,8.293231010437012,00009.png,0.26274511218070984,0.06356717646121979,0.0,1b5c0d70df4beeb84de9b550229d8d19bc90ec94a62c1f216b730dddac32b4d4,0.07162876427173615,M,web_Terrestrial,0.222146138548851,1600
True,1.0,0.39592447876930237,0.0,adae8feeae95e2e7aa807615c17c5d2773acee3efb58670111760aa4512e8a0b,1018,_DSC1611.JPG,False,10,1.0767449140548706,gsw_strict_intrinsic,G:\wl3dgs\3dgs_runs\two_scene_smoke_20260701_clean\M\gsw_strict_intrinsic\iter_10\web_Terrestrial\test\ours_10_strict_intrinsic,7.962174892425537,00010.png,0.26274511218070984,0.05964050814509392,0.0,513af53a658b02e28c2b805499af9fb286b148921d589e5a6e6ef653ccbca0ba,0.06894367933273315,M,web_Terrestrial,0.24357569217681885,1600
True,0.9686274528503418,0.4418792426586151,0.0,879f092227d450c930cf5c48b3fbcfd075470fb11871cca141b77953cd220feb,1018,_DSC1619.JPG,False,10,1.0487850904464722,gsw_strict_intrinsic,G:\wl3dgs\3dgs_runs\two_scene_smoke_20260701_clean\M\gsw_strict_intrinsic\iter_10\web_Terrestrial\test\ours_10_strict_intrinsic,7.3588080406188965,00011.png,0.4627451002597809,0.07267848402261734,0.0,969027be3f01729d8f39f2e5148e6038a7ae91e7e856efd2131d51aab88a6ee7,0.07946689426898956,M,web_Terrestrial,0.23515626788139343,1600
True,0.886274516582489,0.469302237033844,0.0,be1590f6213ea796fa1425edf6af4d26e039c2a78e7ddb51f96a7fa979b6fcc1,1018,_DSC1627.JPG,False,10,0.9703787565231323,gsw_strict_intrinsic,G:\wl3dgs\3dgs_runs\two_scene_smoke_20260701_clean\M\gsw_strict_intrinsic\iter_10\web_Terrestrial\test\ours_10_strict_intrinsic,7.5542826652526855,00012.png,0.3490196168422699,0.10693302005529404,0.0,6299e2366f557ffe646aacca0db8c93e742b918be355f1134a792d7b37d47392,0.08072370290756226,M,web_Terrestrial,0.2948145866394043,1600
True,0.9960784316062927,0.46987658739089966,0.0,b7aaa5b607d55381923874cd3fec749a2ae88a8efc1ca0a3d1af4e150d4210cb,1018,_DSC1635.JPG,False,10,1.1122949123382568,gsw_strict_intrinsic,G:\wl3dgs\3dgs_runs\two_scene_smoke_20260701_clean\M\gsw_strict_intrinsic\iter_10\web_Terrestrial\test\ours_10_strict_intrinsic,7.0838727951049805,00013.png,0.2823529541492462,0.07480990886688232,0.0,905e3ee54e750988c47f0af381692f3e6d831ed544afcc8a261b6b57cc78f72c,0.07664893567562103,M,web_Terrestrial,0.2566561698913574,1600
True,0.9450980424880981,0.41610297560691833,0.0,a900504a73530fbfb50f07605c944f9db3f5ceba652ea691a8162126c93d79da,1018,_DSC1643.JPG,False,10,1.0402528047561646,gsw_strict_intrinsic,G:\wl3dgs\3dgs_runs\two_scene_smoke_20260701_clean\M\gsw_strict_intrinsic\iter_10\web_Terrestrial\test\ours_10_strict_intrinsic,7.9433417320251465,00014.png,0.3137255012989044,0.10233829915523529,0.0,e8aca562ca8f2ddc0a181af84729f16585d7c60a1e4024ffff8e444a70067d0b,0.07683073729276657,M,web_Terrestrial,0.35163915157318115,1600
True,1.0,0.44148942828178406,0.0,79338bfa8fb6f4ece195a1323dcf64c185613fe0c4ce2d9d6c26650e444f290a,1018,_DSC1651.JPG,False,10,1.029384732246399,gsw_strict_intrinsic,G:\wl3dgs\3dgs_runs\two_scene_smoke_20260701_clean\M\gsw_strict_intrinsic\iter_10\web_Terrestrial\test\ours_10_strict_intrinsic,7.995078086853027,00015.png,0.35686275362968445,0.10601409524679184,0.0,b6efb882c7e61c935c236f56e5bd2e01acc6cf13a03b564982788cb5bcdd3de1,0.08109267801046371,M,web_Terrestrial,0.3493346869945526,1600
True,1.0,0.4056372344493866,0.0,1d6fdf0ab99c2d288edb62247f3fbe986292c370c9065e29f37dbb60820c39e5,1018,_DSC1659.JPG,False,10,1.0133347511291504,gsw_strict_intrinsic,G:\wl3dgs\3dgs_runs\two_scene_smoke_20260701_clean\M\gsw_strict_intrinsic\iter_10\web_Terrestrial\test\ours_10_strict_intrinsic,8.838078498840332,00016.png,0.3686274588108063,0.0995728075504303,0.0,3e846b0b732f49cc3ddce71c318fa78f41691f6c0b74be306c11ffd0283ca258,0.07699184864759445,M,web_Terrestrial,0.3637715280056,1600
True,1.0,0.5642760992050171,0.0,7b40d3c2622b8c483df38c0aa14ffba094bdcf7d8df88eee872be38018d3c7f9,1050,_DSC5568_1.JPG,False,10,1.0847866535186768,gsw_strict_intrinsic,G:\wl3dgs\3dgs_runs\two_scene_smoke_20260701_clean\M\gsw_strict_intrinsic\iter_10\web_Terrestrial\test\ours_10_strict_intrinsic,5.624027729034424,00017.png,0.34117648005485535,0.09824810177087784,0.0,e84bac5b5745bb58dceab23212b0da473749422657647f0aabe8e08f8eb2c070,0.07389141619205475,M,web_Terrestrial,0.2632211148738861,1600
True,1.0,0.5325760841369629,0.003921568859368563,14e8c7e9bac4dd95fa2bf8361eb01264bc035176a6db02cda2b17981a8713853,1050,_DSC5576_1.JPG,False,10,1.088301420211792,gsw_strict_intrinsic,G:\wl3dgs\3dgs_runs\two_scene_smoke_20260701_clean\M\gsw_strict_intrinsic\iter_10\web_Terrestrial\test\ours_10_strict_intrinsic,5.99081563949585,00018.png,0.2549019753932953,0.09183807671070099,0.0,0b3c1cf7a94e099aa5c442e4c1c000fcc131437a2ba5c31d09cc70592d32efbf,0.07062764465808868,M,web_Terrestrial,0.25938645005226135,1600
True,0.9960784316062927,0.49910882115364075,0.0,14cdec53bf1b509f78bf1544ce873efd2721934562b306ae0197aee1bff8c626,1050,_DSC5591_1.JPG,False,10,1.1631062030792236,gsw_strict_intrinsic,G:\wl3dgs\3dgs_runs\two_scene_smoke_20260701_clean\M\gsw_strict_intrinsic\iter_10\web_Terrestrial\test\ours_10_strict_intrinsic,6.797335624694824,00019.png,0.29019609093666077,0.08772297948598862,0.0,5899294c568d327ea7a2fcd7595885c72165c91bb6aa92efac083ae6e5c11e45,0.09253949671983719,M,web_Terrestrial,0.20737934112548828,1600
True,0.9058823585510254,0.4898781180381775,0.0,5261cf2c98db0d3ac8e84a03f501503851ef6e4c5d97c35b6e10705dfc82567d,1050,_DSC5599_1.JPG,False,10,1.05048406124115,gsw_strict_intrinsic,G:\wl3dgs\3dgs_runs\two_scene_smoke_20260701_clean\M\gsw_strict_intrinsic\iter_10\web_Terrestrial\test\ours_10_strict_intrinsic,7.879776954650879,00020.png,0.3803921639919281,0.13026781380176544,0.0,de8034358f9986eef777d3b2e53f768f626bd1b776b71b117fb905345a3ca8c5,0.10024109482765198,M,web_Terrestrial,0.2685502767562866,1600
True,0.8705882430076599,0.4359828233718872,0.0,068c221bc9cde96572e025d9d49823a3527bd70e40cdc2b39f5ed13221bb744a,1050,_DSC5607_1.JPG,False,10,1.0798168182373047,gsw_strict_intrinsic,G:\wl3dgs\3dgs_runs\two_scene_smoke_20260701_clean\M\gsw_strict_intrinsic\iter_10\web_Terrestrial\test\ours_10_strict_intrinsic,8.32075023651123,00021.png,0.3019607961177826,0.10812007635831833,0.0,2b5487f2d0ee6188cab0f3604d6e8e61f322aff773d3c4bfbed250e82af82442,0.07701652497053146,M,web_Terrestrial,0.283629447221756,1600
True,0.9647058844566345,0.5717019438743591,0.0,c2cd98dd58b0b1fb794dbbb356d6b49f8e1a5fb0a673c0b8b0f77ac991da3d59,1050,_DSC5617_1.JPG,False,10,1.078576683998108,gsw_strict_intrinsic,G:\wl3dgs\3dgs_runs\two_scene_smoke_20260701_clean\M\gsw_strict_intrinsic\iter_10\web_Terrestrial\test\ours_10_strict_intrinsic,5.626964569091797,00022.png,0.34117648005485535,0.10703214257955551,0.0,a7bd061aeb61da89c6d36014162825d0d4d38421bbd275dd3dac97715a786391,0.07596958428621292,M,web_Terrestrial,0.24925653636455536,1600
True,1.0,0.5406155586242676,0.0,82be7fcbcc46da46d0c04a210d96c5819259fa3b61bdba72c49a49e9dfa27331,1050,_DSC5627.JPG,False,10,1.0758509635925293,gsw_strict_intrinsic,G:\wl3dgs\3dgs_runs\two_scene_smoke_20260701_clean\M\gsw_strict_intrinsic\iter_10\web_Terrestrial\test\ours_10_strict_intrinsic,5.688902854919434,00023.png,0.3333333432674408,0.09353573620319366,0.0,6d96adf4c5885a80835003ff9dcae82e3e7f3b402d7a8b0b53eaeb9251595991,0.06887131184339523,M,web_Terrestrial,0.24281549453735352,1600
True,0.9254902005195618,0.3436160087585449,0.0,633a5406bcf296139e36bd9f8f5c64a58a8eb444c1b3b875b0cca441417ffc2b,1060,IMG_6283.TIF,False,300,0.8289322853088379,gsw_strict_intrinsic,G:\wl3dgs\3dgs_runs\two_scene_smoke_20260701_clean\M\gsw_strict_intrinsic\iter_300\web_Terrestrial\test\ours_300_strict_intrinsic,18.102397918701172,00000.png,0.8549019694328308,0.333090603351593,0.06666667014360428,ca83fd4eb5f8fa09564e4bd4d8fb4a94af90887d703928542e3d277b3e05b5cc,0.11137926578521729,M,web_Terrestrial,0.5272790193557739,1600
True,0.8705882430076599,0.2922687828540802,0.0,5ee251c5e52d213ebdf8d7ee05eb39f3dbc4593a5b248734c8907551f93dc1a1,1060,IMG_6299.TIF,False,300,0.7459664344787598,gsw_strict_intrinsic,G:\wl3dgs\3dgs_runs\two_scene_smoke_20260701_clean\M\gsw_strict_intrinsic\iter_300\web_Terrestrial\test\ours_300_strict_intrinsic,20.796768188476562,00001.png,0.8627451062202454,0.3052424192428589,0.0470588244497776,9fc210a53f9004184ecbd65a7c8c891d0dea022325f938b2b4060c23b43c2cb9,0.12630683183670044,M,web_Terrestrial,0.656119167804718,1600
True,1.0,0.305289626121521,0.0,19f517392bf7f7d59f2d891bb3c664e3c83595f00915254db11fdd1e5d07c85e,1060,IMG_6315.TIF,False,300,0.8283659219741821,gsw_strict_intrinsic,G:\wl3dgs\3dgs_runs\two_scene_smoke_20260701_clean\M\gsw_strict_intrinsic\iter_300\web_Terrestrial\test\ours_300_strict_intrinsic,17.903860092163086,00002.png,0.8352941274642944,0.2836278975009918,0.05098039284348488,3f6e2e9a8ddcef36dfb69b7507670f295c151760b2992c4b508c8d37bdbe0db6,0.12253417074680328,M,web_Terrestrial,0.5167518854141235,1600
True,0.9019607901573181,0.30337363481521606,0.0,3f39736867e01b82dca25899168a85e79ca6f03893f9ecdb0872bbaf003791ec,1060,IMG_6977.TIF,False,300,0.7607284784317017,gsw_strict_intrinsic,G:\wl3dgs\3dgs_runs\two_scene_smoke_20260701_clean\M\gsw_strict_intrinsic\iter_300\web_Terrestrial\test\ours_300_strict_intrinsic,21.483165740966797,00003.png,0.7254902124404907,0.32592150568962097,0.09019608050584793,71e67adf452b10d3704749c834e0f6fde8bcca8796f1b08804dc0ab6dc957fbb,0.12401705980300903,M,web_Terrestrial,0.7784972786903381,1600
True,0.9215686321258545,0.3704335689544678,0.0,8fdedeec2820b22aff16043a7d3aa45a09155b701b5a1429e672bc0080672186,1060,IMG_6993.TIF,False,300,0.7495148181915283,gsw_strict_intrinsic,G:\wl3dgs\3dgs_runs\two_scene_smoke_20260701_clean\M\gsw_strict_intrinsic\iter_300\web_Terrestrial\test\ours_300_strict_intrinsic,19.935272216796875,00004.png,0.7843137383460999,0.3686681091785431,0.0784313753247261,adb34b7bc94f6cbf0a8512ad8b902c3d44c5a1864fd76b5053525ad1841c6a23,0.12402348965406418,M,web_Terrestrial,0.6627013683319092,1600
True,0.9803921580314636,0.3445885181427002,0.0,07a94133de21296c503891d9ca5d56a87ff0c3ddb6b0060e9e647a990c56a971,1060,IMG_7009.TIF,False,300,0.7028075456619263,gsw_strict_intrinsic,G:\wl3dgs\3dgs_runs\two_scene_smoke_20260701_clean\M\gsw_strict_intrinsic\iter_300\web_Terrestrial\test\ours_300_strict_intrinsic,21.321470260620117,00005.png,0.843137264251709,0.32351404428482056,0.04313725605607033,c53efb0bfe3f63681beba1fb5b47b579be603ddbf03b1522391a970e3f0ede38,0.13204409182071686,M,web_Terrestrial,0.6703667640686035,1600
True,0.8941176533699036,0.2732152044773102,0.0,39ee4ae67dec0c3f8613b4271cfb35e00c51e02f4eb04b4b17209b24cd7f61fa,1060,IMG_7025.TIF,False,300,0.7203154563903809,gsw_strict_intrinsic,G:\wl3dgs\3dgs_runs\two_scene_smoke_20260701_clean\M\gsw_strict_intrinsic\iter_300\web_Terrestrial\test\ours_300_strict_intrinsic,21.51845932006836,00006.png,0.7921568751335144,0.2614891529083252,0.027450980618596077,7985f8a29acb0cc0324265d2ea607574df9618492374653d7f748d7734ce03ad,0.13275107741355896,M,web_Terrestrial,0.6475054025650024,1600
True,0.9411764740943909,0.28958645462989807,0.0,b7a5121927d7cfd006ded8e492a74d19b8ce72cf37c441a0848d81dfda481e23,1060,IMG_7041.TIF,False,300,0.7549993395805359,gsw_strict_intrinsic,G:\wl3dgs\3dgs_runs\two_scene_smoke_20260701_clean\M\gsw_strict_intrinsic\iter_300\web_Terrestrial\test\ours_300_strict_intrinsic,20.8249568939209,00007.png,0.8392156958580017,0.26180127263069153,0.03921568766236305,61351edd31635f09b0d9087e22a06b77df149ba4116aba15d64208cafc91fd03,0.12641863524913788,M,web_Terrestrial,0.7334957718849182,1600
True,0.886274516582489,0.3790470361709595,0.0,8b445fc977d4011006a222a5d3827de0e41b33d26ee3d3e8fba5f51ae83db0b5,1018,_DSC1595.JPG,False,300,0.9635002613067627,gsw_strict_intrinsic,G:\wl3dgs\3dgs_runs\two_scene_smoke_20260701_clean\M\gsw_strict_intrinsic\iter_300\web_Terrestrial\test\ours_300_strict_intrinsic,17.534543991088867,00008.png,0.7098039388656616,0.34553056955337524,0.0784313753247261,fb0943900487fc22964d4cc3a04df4cf412c4d6f1f6c824a068d367fe820ac47,0.11741773039102554,M,web_Terrestrial,0.687606930732727,1600
True,1.0,0.411685049533844,0.0,a033a52180c0bfbeda0eb6befe982963f048e07d2236c3c5bf5bf8881e4e19be,1018,_DSC1603.JPG,False,300,0.9679440855979919,gsw_strict_intrinsic,G:\wl3dgs\3dgs_runs\two_scene_smoke_20260701_clean\M\gsw_strict_intrinsic\iter_300\web_Terrestrial\test\ours_300_strict_intrinsic,14.802017211914062,00009.png,0.6823529601097107,0.269598126411438,0.03921568766236305,868a0eadfdc90e9612c7ca1f6f362a7eac81c099adc1a1cbd0ff38541cfd2612,0.10426636785268784,M,web_Terrestrial,0.6705884337425232,1600
True,1.0,0.39592447876930237,0.0,adae8feeae95e2e7aa807615c17c5d2773acee3efb58670111760aa4512e8a0b,1018,_DSC1611.JPG,False,300,0.896075427532196,gsw_strict_intrinsic,G:\wl3dgs\3dgs_runs\two_scene_smoke_20260701_clean\M\gsw_strict_intrinsic\iter_300\web_Terrestrial\test\ours_300_strict_intrinsic,11.872588157653809,00010.png,0.6431372761726379,0.25105342268943787,0.03921568766236305,7d4b08ffedd9352b51684b8f960993393521d6db3a90e2ad0858be7be0208e0d,0.09730753302574158,M,web_Terrestrial,0.693477988243103,1600
True,0.9686274528503418,0.4418792426586151,0.0,879f092227d450c930cf5c48b3fbcfd075470fb11871cca141b77953cd220feb,1018,_DSC1619.JPG,False,300,0.9247570037841797,gsw_strict_intrinsic,G:\wl3dgs\3dgs_runs\two_scene_smoke_20260701_clean\M\gsw_strict_intrinsic\iter_300\web_Terrestrial\test\ours_300_strict_intrinsic,11.440250396728516,00011.png,0.6627451181411743,0.24304260313510895,0.007843137718737125,ae5bb1229d9158bbde7745202ce464d78d8ce45b71a802b97baf6a281a6770ee,0.09995090961456299,M,web_Terrestrial,0.5674781203269958,1600
True,0.886274516582489,0.469302237033844,0.0,be1590f6213ea796fa1425edf6af4d26e039c2a78e7ddb51f96a7fa979b6fcc1,1018,_DSC1627.JPG,False,300,0.9295426607131958,gsw_strict_intrinsic,G:\wl3dgs\3dgs_runs\two_scene_smoke_20260701_clean\M\gsw_strict_intrinsic\iter_300\web_Terrestrial\test\ours_300_strict_intrinsic,15.189948081970215,00012.png,0.7137255072593689,0.4038308262825012,0.09803921729326248,60cf470ba57026683e21f04be3fc0ceb5509b5fa6abc8cc6ae468b1e06ed65d1,0.10991740971803665,M,web_Terrestrial,0.6532909870147705,1600
True,0.9960784316062927,0.46987658739089966,0.0,b7aaa5b607d55381923874cd3fec749a2ae88a8efc1ca0a3d1af4e150d4210cb,1018,_DSC1635.JPG,False,300,0.9219427108764648,gsw_strict_intrinsic,G:\wl3dgs\3dgs_runs\two_scene_smoke_20260701_clean\M\gsw_strict_intrinsic\iter_300\web_Terrestrial\test\ours_300_strict_intrinsic,12.30606460571289,00013.png,0.6470588445663452,0.27691930532455444,0.03529411926865578,d87fb4a9c808c17b1dc35a2b2a2c9305a62f17468d144b42de1acc6a3342b493,0.1240258440375328,M,web_Terrestrial,0.6617466807365417,1600
True,0.9450980424880981,0.41610297560691833,0.0,a900504a73530fbfb50f07605c944f9db3f5ceba652ea691a8162126c93d79da,1018,_DSC1643.JPG,False,300,0.8789524435997009,gsw_strict_intrinsic,G:\wl3dgs\3dgs_runs\two_scene_smoke_20260701_clean\M\gsw_strict_intrinsic\iter_300\web_Terrestrial\test\ours_300_strict_intrinsic,15.807334899902344,00014.png,0.7333333492279053,0.3571281433105469,0.08627451211214066,17e3e617a136f0d2e5fd778113cad2e9a6d4ab970133fc16e65eb7f3c11d3509,0.12613144516944885,M,web_Terrestrial,0.6861502528190613,1600
True,1.0,0.44148942828178406,0.0,79338bfa8fb6f4ece195a1323dcf64c185613fe0c4ce2d9d6c26650e444f290a,1018,_DSC1651.JPG,False,300,0.955122709274292,gsw_strict_intrinsic,G:\wl3dgs\3dgs_runs\two_scene_smoke_20260701_clean\M\gsw_strict_intrinsic\iter_300\web_Terrestrial\test\ours_300_strict_intrinsic,15.154268264770508,00015.png,0.7176470756530762,0.3311421871185303,0.0784313753247261,e8352ac9d8b6759ec554b82782c36f483f82a8ebe1aefe6c6cbc4628617dde51,0.1226188987493515,M,web_Terrestrial,0.7288094758987427,1600
True,1.0,0.4056372344493866,0.0,1d6fdf0ab99c2d288edb62247f3fbe986292c370c9065e29f37dbb60820c39e5,1018,_DSC1659.JPG,False,300,0.9207720756530762,gsw_strict_intrinsic,G:\wl3dgs\3dgs_runs\two_scene_smoke_20260701_clean\M\gsw_strict_intrinsic\iter_300\web_Terrestrial\test\ours_300_strict_intrinsic,17.663312911987305,00016.png,0.6431372761726379,0.3137655556201935,0.0313725508749485,520cd821adee1d17c40f123b9635b3e6b90e2f6d68b1e3d1cc835b667aaf8c36,0.1308300495147705,M,web_Terrestrial,0.7843941450119019,1600
True,1.0,0.5642760992050171,0.0,7b40d3c2622b8c483df38c0aa14ffba094bdcf7d8df88eee872be38018d3c7f9,1050,_DSC5568_1.JPG,False,300,0.9901754260063171,gsw_strict_intrinsic,G:\wl3dgs\3dgs_runs\two_scene_smoke_20260701_clean\M\gsw_strict_intrinsic\iter_300\web_Terrestrial\test\ours_300_strict_intrinsic,12.12741470336914,00017.png,0.8039215803146362,0.3776492178440094,0.0784313753247261,37c1c49852c394d2cc20aad6c454874ac3e492c9200e63663f99f934892f4878,0.1208263710141182,M,web_Terrestrial,0.6768933534622192,1600
True,1.0,0.5325760841369629,0.003921568859368563,14e8c7e9bac4dd95fa2bf8361eb01264bc035176a6db02cda2b17981a8713853,1050,_DSC5576_1.JPG,False,300,0.9618512988090515,gsw_strict_intrinsic,G:\wl3dgs\3dgs_runs\two_scene_smoke_20260701_clean\M\gsw_strict_intrinsic\iter_300\web_Terrestrial\test\ours_300_strict_intrinsic,13.17547607421875,00018.png,0.7019608020782471,0.3855763077735901,0.10980392247438431,ed7fa4a42e0caa8737ffce677c3bbc02bcfa01f32cb179583c4919b70e67ebe1,0.12037675827741623,M,web_Terrestrial,0.6782735586166382,1600
True,0.9960784316062927,0.49910882115364075,0.0,14cdec53bf1b509f78bf1544ce873efd2721934562b306ae0197aee1bff8c626,1050,_DSC5591_1.JPG,False,300,1.0321537256240845,gsw_strict_intrinsic,G:\wl3dgs\3dgs_runs\two_scene_smoke_20260701_clean\M\gsw_strict_intrinsic\iter_300\web_Terrestrial\test\ours_300_strict_intrinsic,12.861900329589844,00019.png,0.5803921818733215,0.3287067115306854,0.13333334028720856,af7ebdaaa1f734267a289d679bec2246837439584ecfa5a7bfbe64c922022c99,0.08428595960140228,M,web_Terrestrial,0.559753954410553,1600
True,0.9058823585510254,0.4898781180381775,0.0,5261cf2c98db0d3ac8e84a03f501503851ef6e4c5d97c35b6e10705dfc82567d,1050,_DSC5599_1.JPG,False,300,1.0903558731079102,gsw_strict_intrinsic,G:\wl3dgs\3dgs_runs\two_scene_smoke_20260701_clean\M\gsw_strict_intrinsic\iter_300\web_Terrestrial\test\ours_300_strict_intrinsic,16.571266174316406,00020.png,0.6901960968971252,0.419187992811203,0.14901961386203766,b956e24bcd4cd5c5693e7dc12d14f1edf095d17b1b3559146484f950acd2d765,0.08635582029819489,M,web_Terrestrial,0.5688371658325195,1600
True,0.8705882430076599,0.4359828233718872,0.0,068c221bc9cde96572e025d9d49823a3527bd70e40cdc2b39f5ed13221bb744a,1050,_DSC5607_1.JPG,False,300,1.0310155153274536,gsw_strict_intrinsic,G:\wl3dgs\3dgs_runs\two_scene_smoke_20260701_clean\M\gsw_strict_intrinsic\iter_300\web_Terrestrial\test\ours_300_strict_intrinsic,15.630026817321777,00021.png,0.6666666865348816,0.33680614829063416,0.06666667014360428,6845b0a280fb7c2ad02f4e5ce9b69334b107bf13e1084b338e4eb7a673f5e7b7,0.10384202748537064,M,web_Terrestrial,0.5672872066497803,1600
True,0.9647058844566345,0.5717019438743591,0.0,c2cd98dd58b0b1fb794dbbb356d6b49f8e1a5fb0a673c0b8b0f77ac991da3d59,1050,_DSC5617_1.JPG,False,300,0.9976053237915039,gsw_strict_intrinsic,G:\wl3dgs\3dgs_runs\two_scene_smoke_20260701_clean\M\gsw_strict_intrinsic\iter_300\web_Terrestrial\test\ours_300_strict_intrinsic,10.918519973754883,00022.png,0.7686274647712708,0.3313336670398712,0.05882352963089943,30662354ca2fcb924abeb27095b64a4ab57cf89daf3a5b4d972337cfb3fddd51,0.12661336362361908,M,web_Terrestrial,0.5587161779403687,1600
True,1.0,0.5406155586242676,0.0,82be7fcbcc46da46d0c04a210d96c5819259fa3b61bdba72c49a49e9dfa27331,1050,_DSC5627.JPG,False,300,0.9965659379959106,gsw_strict_intrinsic,G:\wl3dgs\3dgs_runs\two_scene_smoke_20260701_clean\M\gsw_strict_intrinsic\iter_300\web_Terrestrial\test\ours_300_strict_intrinsic,10.416511535644531,00023.png,0.7764706015586853,0.284904807806015,0.07058823853731155,94288619c93d260ab0d342f6fab9d88db859298a2d52c51882327efed8fb3780,0.13859683275222778,M,web_Terrestrial,0.5090619325637817,1600
