event,iteration,image_name,random_index,viewpoint_stack_rebuilt,gaussian_count,visible_gaussian_count,total_loss,l1_loss,dssim_loss,lpips_loss,box_coord_loss,densification_summary,opacity_mean,opacity_std,scaling_mean,scaling_std,xyz_checksum,features_checksum,opacity_checksum,scaling_checksum,rotation_checksum,map_generator_checksum,color_net_checksum,box_coord_checksum,camera_extent,spatial_lr_scale,optimizer_groups_json,peak_memory_mb,elapsed_ms,python_random_state_hash,numpy_random_state_hash,torch_cpu_rng_state_hash,torch_cuda_rng_state_hash,elapsed_wall_sec,iter_time_ms,iter_time_rolling_median_ms,peak_allocated_mb,peak_reserved_mb,gpu_total_memory_mb,loss_finite,densification_clone_count,densification_split_count,densification_prune_count
initialization,0,,,,161025,,,,,,,,0.10000000894069672,0.0,0.013653740286827087,0.028235893696546555,456cc864eb542ad2c2eafd1e0613696d8a8371ec9149577571c82e76909ae879,18e4deeb68b941e7c9e90c805d34b6ac22a19b1c55d44a213a01fcacca51e8e5,40c2dc14d2e0a1cda54dccc574e0bf23f6d0e86ad660c023874a7545f5a7a916,105d61e90d80857a2dba08ec18b351a1d594738f19f5f473a1c8d0b7517fe06e,e09fb28c8f81de51348913d41b5a9b7d7973b8f7801b61910801eedf3a704b55,77d9e1e996bff0690a12ad1adbe214ad5ec0063843b29d08a5a9a3593bd6aaba,83232eea52a6e65fd7807561c864e32b614ee3d42c4e2201a7448ffc9fd284eb,c3edacf15252ab0c8dffcb3b756fb0d378355442d689115713656dedd2962745,8.452680635452271,8.452680635452271,"[{""lr"": 0.0013524289016723634, ""name"": ""xyz"", ""numel"": 483075}, {""lr"": 0.000125, ""name"": ""f_intr"", ""numel"": 7729200}, {""lr"": 0.05, ""name"": ""opacity"", ""numel"": 161025}, {""lr"": 0.005, ""name"": ""scaling"", ""numel"": 483075}, {""lr"": 0.001, ""name"": ""rotation"", ""numel"": 644100}, {""lr"": 0.002, ""name"": ""map_generator"", ""numel"": 15784881}, {""lr"": 1.0, ""name"": ""box_coord"", ""numel"": 966150}, {""lr"": 0.0005, ""name"": ""color_net"", ""numel"": 54195}]",3814.8291015625,,46f264538534643a886ab78f16bc37e702ec6d58f1c40cc2c2c5607abc7b3900,adce276c25e97ea16273335fce72f626fac07c5c37b3d517bfc1714631544280,5b565c1067963f2a291ef92fb8f406ac3bf14f8d59a786ab6442ed6c3eb94868,685752ce86f5d0e7ecf0b4053dc853e4037866e5f933b79de77d90eb5f39f0eb,,,,,,,,,,
iteration,1,_DSC1644.JPG,98,True,161025,88300,0.6657153964042664,0.5015225410461426,1.3028228282928467,0.003932780586183071,0.0,,0.10000000894069672,0.0,0.013653740286827087,0.028235893696546555,456cc864eb542ad2c2eafd1e0613696d8a8371ec9149577571c82e76909ae879,18e4deeb68b941e7c9e90c805d34b6ac22a19b1c55d44a213a01fcacca51e8e5,40c2dc14d2e0a1cda54dccc574e0bf23f6d0e86ad660c023874a7545f5a7a916,105d61e90d80857a2dba08ec18b351a1d594738f19f5f473a1c8d0b7517fe06e,e09fb28c8f81de51348913d41b5a9b7d7973b8f7801b61910801eedf3a704b55,0c7bf6331550a16bd9f15b5509b8fb0ed61579af0f53699dd956c5625a18c88d,83232eea52a6e65fd7807561c864e32b614ee3d42c4e2201a7448ffc9fd284eb,c3edacf15252ab0c8dffcb3b756fb0d378355442d689115713656dedd2962745,,,,12753.16650390625,747.6005859375,1e0f3cff0f8d7eb273b006fb899c120c943cab5343db1b44c1eb403bb1df0ece,adce276c25e97ea16273335fce72f626fac07c5c37b3d517bfc1714631544280,650a35ba8e52d9cef8759daffa5c553d550aa0c927d22f831f014c9b5bdb8b3c,b53e6e1d15cf255a5cdbe0d121394f2f3651ddf3c2afafb1e0efd708e746d5d1,1.4961473941802979,747.6005859375,747.6005859375,12753.16650390625,13414.0,24563,True,0,0,0
iteration,100,_DSC1636.JPG,35,False,161025,93001,0.18392610549926758,0.1348242610692978,0.33953118324279785,0.004008264280855656,0.004152200650423765,,0.11007299274206161,0.0773896649479866,0.013395486399531364,0.028534919023513794,fb99bb6982a674c9d48b2e4d02eeb0c3729bdfee1410cf0dd6f83573c872f1a8,02e19ca9e7bb89664921d1a0bd0ee4a9a94dd88c1592b70b28e423e250256ebc,45362b2ae4bb21960c7968a233b4619706ad055e8c4c6b43a38e2c34a687d3fd,ad4dde0ab55261ed38a18a406332f31a07a63660d1804d2a316b793a5f8577fd,a561c26df39de393d6fafe29703e36526a18f1acd6253e1f983a0d016695b5bf,167758cba1ac467cd032f043b64d05a29767e4acd18dd6d826c2a28c499b78fd,7d90c04409ceca13419df0d02fd53ed793c919cba2bb00962ab5b951566e5110,a7306afe074d2480228ea28d0ce895bfdfe246c23aaf861b10819d1ae51e2f04,,,,13330.82470703125,219.5352020263672,e47e751776b0100cc784e14d7daa0965edd19c336018e27b71619f0136810edd,adce276c25e97ea16273335fce72f626fac07c5c37b3d517bfc1714631544280,650a35ba8e52d9cef8759daffa5c553d550aa0c927d22f831f014c9b5bdb8b3c,cc5a04c3008f0d9e888b204088af24754c891b3d9394f0184858cfbe1fe6b361,23.912445783615112,219.5352020263672,218.52620697021484,13330.82470703125,16864.0,24563,True,0,0,0
iteration,499,_DSC1640.JPG,95,True,161025,99217,0.21932919323444366,0.15719129145145416,0.42394107580184937,0.0032641009893268347,0.005523844622075558,,0.18645519018173218,0.19957880675792694,0.013307188637554646,0.029466863721609116,46b96e8ba7b5357afadb316c7690952be50163374fb33123515b8a4337b15ce6,3e7a16e8a739b07dd9982ef05d412b53f7c85d334a5b2b7bf1b5272911406a4b,16e27f85efb75d3d714ffb670801de1978f378ecd6d9255f7e6f6ea254e202b3,5fa9e7cc42bafd0fdf277ce6e5b4a54c4c737ea49e92c710fd2aa740aef7a329,07bcea0eaa7cb0c08d407caa1cc28f2dafc73948c24cb479ec445b8d3f21ed5e,48d2c1f0b5d2951dcd699d494db312d664d64acfccb813bfb44d1cc69d49ff23,ac6c99b0bfd79475837737a2ee6751e5c7d9d51630354aedd9bb6d2cd6fdb42f,2b6b69222a471e647e573540f618e7008e84e3655a9adb4ffddcba6730b1d5cd,,,,13334.11376953125,222.84873962402344,4cd9fd456895bb935acadf72892e1b1a1cd5d4230701f85d4b7ec3073bc29652,adce276c25e97ea16273335fce72f626fac07c5c37b3d517bfc1714631544280,650a35ba8e52d9cef8759daffa5c553d550aa0c927d22f831f014c9b5bdb8b3c,826d7d4f0f718199f8ac0e36b24980c20fd0e3fd66ad736c023218417287859e,112.99320101737976,222.84873962402344,216.91187286376953,13334.11376953125,16864.0,24563,True,0,0,0
iteration,500,_DSC5588_1.JPG,129,False,161025,84088,0.21827615797519684,0.1331700086593628,0.5144796371459961,0.0033166503999382257,0.005527559667825699,,0.18664591014385223,0.19977717101573944,0.013308882713317871,0.02947101555764675,473586893a52e802f9e25dfa4c4669dddc5185370216a3a85a43d4534c460dfd,c86589070c95388f2fd83fb4a4f0ce06bc16eff28a17f6f70713f37775e16091,e59268ae260ad55be316f8d42507ff627bbd67a7cc682b137639b5706bf49312,518037d972b714301b079a6fb6a494e32ec27af724e4805be88d17327ba43749,55eecd9cc1333c29f1348fde130df6e5260db963d75890484161111472398199,df86d490f3b9924e419ffe21370f0f63cd81f8c927cd99de50b0cde05c53c0a7,34f65bd760622d9be8fb5fbe8c8b7cafeb6d3f0c2fadb538689b576d4c020ab6,f5071f5b181a26b00fac3a54d64bc12fdba36a6e144dba416a40ef2d51ff74e2,,,,13334.11376953125,230.59353637695312,522cfe3f8655ec4697f87828822970b398feceef1de415218ef6de6c8d605fab,adce276c25e97ea16273335fce72f626fac07c5c37b3d517bfc1714631544280,650a35ba8e52d9cef8759daffa5c553d550aa0c927d22f831f014c9b5bdb8b3c,d1bc88309bf56829b1cb3df08a7b38add8b4d17b2543e0a3c9161d25e6cdbe2f,113.31572437286377,230.59353637695312,216.91187286376953,13334.11376953125,16864.0,24563,True,0,0,0
iteration,501,_DSC1644.JPG,97,False,161025,88390,0.18476568162441254,0.11572164297103882,0.41716593503952026,0.003223586594685912,0.005531591363251209,,0.18679925799369812,0.19996240735054016,0.013310262002050877,0.029472915455698967,c648564df29659606d7abb6c5db1ab0facad4f05d6d56d8ecede57840f859603,2ff20109481e3590b0e57e3e6b4cd7bae15e6ffd4a36b9d2b9ae31a2c2c039fe,6d3e0e728051c6c5d3b8db3de69fe6750d2408b008ad6f2529c6770e55848a00,420f7331f3a3ab39590f37fe53e8c284eae58236d16ec74c47ff5d64e116ce89,1729fdb5cac911194f622f8f3b15ee41a60252a8c34d8b08c390dc5a9965207c,5ec2cb551aa3982f7cd1371631681f8419411494c95594a1994cc6779df676b5,8b4f2e2ec18e42c8adcb0432c8d92600a9e8066432beb585deb6113a27399703,6368d989d995dabcf2010ed4ca767948ec2bf0fdf3ceb1d1cbc0aa20c18a68a8,,,,13334.11376953125,215.4944610595703,dcc35f450f4053d10e42581ceed8868311c500d9a96f962ae7567ee2e169ecd8,adce276c25e97ea16273335fce72f626fac07c5c37b3d517bfc1714631544280,650a35ba8e52d9cef8759daffa5c553d550aa0c927d22f831f014c9b5bdb8b3c,b44721dcf415db5ae21f7a7af2cc72d3e8e0ad0a4a6c58b377c3ab54e7dc560e,113.62255120277405,215.4944610595703,216.91187286376953,13334.11376953125,16864.0,24563,True,0,0,0
iteration,1000,_DSC1628.JPG,83,False,182875,39654,0.1840861588716507,0.10500756651163101,0.44217902421951294,0.003300716867670417,0.008343572728335857,iter=600:before=161025:after=162204;iter=700:before=162204:after=166864;iter=800:before=166864:after=172085;iter=900:before=172085:after=177275;iter=1000:before=177275:after=182875,0.25476694107055664,0.2696516215801239,0.013444597832858562,0.02826421894133091,999c8872a6c3839994a297e8e8d915673e17485e0863f0009f43f0f85e4e7482,cabe34beb5078a5820860294b78c2072b50477e907eee5e86bc757f5d7492805,82aaf1dcb24b74a5d8b46c334b6908bc885c2929b61ffae4c5613400526bcecd,1b92efd10e8c81f7cd4f0145db927f8a390efd9ae856279109ec079af4849857,041558b95aae5bb42cecc3752f7e1c0456fa9263048eff78424f1e46daeebffc,a15c2ad105b0ca58e994a6464357d2a8dd86eb9b89e002b52a301b20c48de3ed,5993c6831fd9de085a80942388d3a343a71dc0ebc7d75ee8b17a05f10b97b28a,ce47e1691bf1e0f0783be60b89c805ccc23a56e627ab8577dc93e5088b955ed4,,,,13416.2744140625,218.79776000976562,978c60b1ce916ec1a322b53f3357fe3556e0dbd6b7b2eb858a431bddf71e1920,adce276c25e97ea16273335fce72f626fac07c5c37b3d517bfc1714631544280,fbee0137e793d8e1af17cc8f970c62321e0c2b0b5c9b853ee2c4442259b7a8b0,2bd4d872dcadf672123467f7e0cf5c3e7433c2d503161cbe624bc43f7f2fbb7f,226.46132230758667,218.79776000976562,216.85759735107422,13416.2744140625,20156.0,24563,True,5499,261,421
iteration,1100,_DSC5629_1.JPG,62,False,188984,57043,0.15481415390968323,0.08072933554649353,0.3915504217147827,0.0031424646731466055,0.008778146468102932,iter=1100:before=182875:after=188984,0.2624175548553467,0.2760566473007202,0.013426229357719421,0.02806658111512661,913783259fc03f9d03902b0dd4639f93f81761f32ec19da4e9efc47efafb6577,4a39d827a15f0bbbbcae6c142930d7c23c7252b0f0c3a53871eebc7263022d0c,d1b7ef142d56f5ed16143831d768b0c29aac2ebca86b11d1762a8b9a070868d1,f87f7d0a52754cdfd79c025160a4e99d5b2a22eda325b07275dc043d732e0e14,d5bbcde14ddc3eaae3225f29648687f44c6c1b23537265c54097c45cff3ade50,81f88b265b1e3bb818f9f875e16e355143055f03782577f1c86194a918319e8c,9b49b2e21f701409f22f0c4bd694b02542369612576c94a408c4a93e2e994a12,c0a16fc9be3c5eba99fe0703343f00a1c847bfc504793f3fd575faf930219b92,,,,13444.142578125,222.24691772460938,7463b1dfbbbdf170d55b135c1fe5fc810f7509a6f84a804ee8d165f6c116efa9,adce276c25e97ea16273335fce72f626fac07c5c37b3d517bfc1714631544280,fbee0137e793d8e1af17cc8f970c62321e0c2b0b5c9b853ee2c4442259b7a8b0,5927b846847b976242b14c0e821678038fee2f87d0d0c0139454456d1d2b5fb4,249.0347809791565,222.24691772460938,217.50817108154297,13444.142578125,20156.0,24563,True,6072,234,431
iteration,1200,IMG_6305.TIF,6,False,195347,178128,0.143446147441864,0.06478524208068848,0.4004574418067932,0.00232874508947134,0.009197723120450974,iter=1200:before=188984:after=195347,0.2665984630584717,0.28082534670829773,0.013398622162640095,0.028081059455871582,c4545f121284e4f629d8d43ef47df65c1ed93a9aad72e17a64c5a4da3fa25326,f8833d81bf5cf4845a979e5fe0f52f9ef2233c770b422f825da7fe52cdfbf9a4,a70c5ffc69e2462dfbfe2e33d023412ecccbafc80c9db4d1cd2a078df82d6538,ee0be194d4e40b974907a5c2d583e8cd03159e8d754403fdb829068bc986293a,f1137510907ab08260c2be1cfd199b3cffeea3203fda57392efa72b3fb091d10,2b28fe51977b60ed3275be676f7bb76b8d9483be208b99c189ff2d47ee1aea01,69108819771d0e1ddcf942f15637b8f1596b0a57615cf6db05fac92bc610f4b4,11ac9a809607e1665ed0dbc7ef2e6900ec8d958b4d26ac18737f525395766442,,,,13498.56884765625,214.4470977783203,b54679d336a92aafb352f4f403f59e049c0f2fdf01e5596264060a64a63607af,adce276c25e97ea16273335fce72f626fac07c5c37b3d517bfc1714631544280,fbee0137e793d8e1af17cc8f970c62321e0c2b0b5c9b853ee2c4442259b7a8b0,87aca14a91a8272185c1da455c8d7496537ddb558902546dc33bee8dae00661f,271.58669805526733,214.4470977783203,216.9296417236328,13498.56884765625,20156.0,24563,True,6333,239,448
iteration,1300,_DSC5606_1.JPG,23,False,201242,39174,0.21196432411670685,0.10462096333503723,0.5755548477172852,0.0035759934689849615,0.009580581448972225,iter=1300:before=195347:after=201242,0.27020999789237976,0.2842640280723572,0.01339630875736475,0.028074966743588448,efb492ee8d34e9f122ee3ec4d604f94d9d7ababfc19cfc7cfbc76d3ad1ef2d7c,d3bbf0d2f35d5ec1c37663834a212348ec01538d87e1ab1b8839bd8c478d0cb3,e5cbc47cb8f2ded700093fa0bfa1e2b3870129257660f1453a120ccfc4ab8192,1a71be409a7ac3e1126b95cc794c8360a9114029edfe719cf1168afec1d225bb,860f0afd874878952ecdc363c76b0db247811a171f8ddeb4d7ff16ee42de27b2,de57b84ec89067b25df065e76c1acfd9ae87fe771b7315625be07a01a32f4576,ad950a8c7c06b64763997e1858ade670a201adee0c8c7cb087f13fdc5e76f21d,1032f2bd8dcc17f82a5c167933e65be6b46855ded127c8363d3ceaed82fb8813,,,,13500.4052734375,229.16403198242188,87e3a8948692c0429de4cd4c99dec24272935d6d9a4a33908e67a2e155a3f498,adce276c25e97ea16273335fce72f626fac07c5c37b3d517bfc1714631544280,fbee0137e793d8e1af17cc8f970c62321e0c2b0b5c9b853ee2c4442259b7a8b0,99e666cbc74bd5778c3a584fd663c51978a5f6b698a85dcd57c9eda660ce73cc,294.2172472476959,229.16403198242188,218.11602020263672,13500.4052734375,20156.0,24563,True,5927,213,458
iteration,1400,_DSC5570_1.JPG,71,False,208473,88638,0.1699734479188919,0.09961485862731934,0.3864288926124573,0.0030717242043465376,0.009924053214490414,iter=1400:before=201242:after=208473,0.27607083320617676,0.2894810140132904,0.01338133867830038,0.02803192473948002,c044f1beef804e21ebbf8a3f44ef2126557899e9ac7c73907238454913c120cb,e28aecf7c3d73120826dc4bc0c4b30100a09af618a0dd58dc7802838e796d904,fa7e8cff4cfd5fcfece583c1a4a7c2980e68a91dddbfc490e1ca64ce867da3b5,b4ac00c56c49280b149f67d28de43f68c505dd9be6f42129bb6b6c9826ec05af,1498946fed95a325d397658fd9f1043fa2783d58f668d32f77b5a5318627ffc5,12f15aa2666b5a224eef1f34fe2d5739f91774df73ab695bce5b65ce50cc3808,c195ae0b2fa6c6b05088e4b42c6f8b1bcbb37379bcfc8285043b727b8dc3962f,7d847c1ad19379b89bcd627f8dd2aa75b5ba27432dca356697273e3fd04cb66e,,,,13638.4189453125,221.17237854003906,0c02876d06120f19c3a7cee085e8309d51eb5746ea2b83d900b8b4f240e44810,adce276c25e97ea16273335fce72f626fac07c5c37b3d517bfc1714631544280,fbee0137e793d8e1af17cc8f970c62321e0c2b0b5c9b853ee2c4442259b7a8b0,28790b4b1c9e9a5891c7a40a9df0afe01eefb1cff6c225c215916edff65f7f47,316.84619402885437,221.17237854003906,218.13195037841797,13638.4189453125,20156.0,24563,True,7254,243,509
iteration,1500,_DSC5597_1.JPG,133,False,215243,38251,0.17643120884895325,0.07218742370605469,0.5251717567443848,0.003370227525010705,0.01027668733149767,iter=1500:before=208473:after=215243,0.27893346548080444,0.29222866892814636,0.013353566639125347,0.027954043820500374,3ba1fc33803836ae36f7a5aca654671e5a4068aa1207c84bc9d6b09f797b2258,9bde4335add12c042fef60e340096731f5e4a91f16ba684d54c87286035b01db,e47864f4b2800ec7964d98eab6d7774e76cd42f2014fd064f59bf5d9059e9541,4d0b3a3c284b10e70ff57c1a16f99e027f037dbb4ade1001eb08215719ca3137,9acc401197d1d5f36e0cecd6db61a565cca0434c6e980dc61777f264cfa936e9,493c93a294e70bfb8339e79fc6a542ae96f93ad08e5b2ef72b1dff817b3e2e30,e9e45f20ff20d962073ba8c3673796c5f94e1bcf865d223b38c99ed04a1dd834,1790a752cea0b48328cb06d312f586a9af7a7561b174e8ebf010335ea2da4b21,,,,13638.4189453125,226.1800994873047,197fc38819e54e11f08d9c50dd677f3f63e92f38c76021f749d31b051b09b311,adce276c25e97ea16273335fce72f626fac07c5c37b3d517bfc1714631544280,fbee0137e793d8e1af17cc8f970c62321e0c2b0b5c9b853ee2c4442259b7a8b0,0a3c1f597cd146c20a6c80ebd8d926366cd4e98a8c38dcc015a1da6e3622c3b8,339.5738408565521,226.1800994873047,218.15142059326172,13638.4189453125,20368.0,24563,True,6865,210,515
iteration,1600,IMG_7007.TIF,7,False,223346,200887,0.10743150115013123,0.04599202796816826,0.2901495695114136,0.0021048560738563538,0.010503108613193035,iter=1600:before=215243:after=223346,0.2845838963985443,0.2984231114387512,0.013313009403645992,0.02781715989112854,ede06b3d54ff491f10a4f4b85f51fdf4369fe8572899a3a73ec88e1859a41dde,7c9bb3363e9e38d2aa7ecace188e24e7407edba1b840419a74041f5a3f15cc1d,862dd8a34cbdcaa8a62b8f6230a65b269b188b32caf9ca7e887cf077b29c0c8a,652334de29ba7b7e64cd7e8614e301e877be0647e590385d63bdc2c6bf9a91da,d9dad8089f1784fb7185ce74a60723a5a88125414ad5bba46e583c942d750602,5b3c70b3cc2cecb147da6c8a44dcf4ebceca5890a379cbb39bf5cdf8ae3ec12f,7535b91338e7854bd3b85c5f355d4698e7debed541eaba3c771287028ca2164f,63f155cd2802b5ebe6ddcf9ddb12b30cd9642b5b523eb3edbf7b7e4350325d22,,,,13707.0234375,218.09869384765625,958dabc238927bb58456d3f2e8f4040991cfe59ba42e321fc654d63b53ff7ae8,adce276c25e97ea16273335fce72f626fac07c5c37b3d517bfc1714631544280,fbee0137e793d8e1af17cc8f970c62321e0c2b0b5c9b853ee2c4442259b7a8b0,b111a682f173087156f9bdd97f6fea56cc8b72a043efcfacb6e9a39ab79afe84,362.236745595932,218.09869384765625,218.57295989990234,13707.0234375,20368.0,24563,True,8226,211,545
iteration,1700,_DSC1636.JPG,68,False,230265,128622,0.14227718114852905,0.08756239712238312,0.2917369604110718,0.0030570353846997023,0.010822839103639126,iter=1700:before=223346:after=230265,0.28342026472091675,0.29922419786453247,0.013312410563230515,0.02788095362484455,eb608a9c503e6576e20c51d4bcd29bdacfcd5a59d281f235dd57976276afbaa8,aadb9dc97253fe7d1e47f5eeb59a72ee4f0ba13b105f551df76c6bd7c270590d,186024739d4765fe7d83f688437389a1900c78ffaea3dc946ac56a403c3bb288,d4fdd0f3c82c9779e14e8744f0ae9b476666e7fd344ba49fb3fa63b24ca88ae5,16fbc5924c53efc2a01ecb58518dff7f114995b576b522e216d6b97689e33cec,a4552fc1cc2f2c90c1b682bc53dc897f282e065b8d3e8ad72bdd74912c8ec1aa,bfe43b828a791c7e2ddccd5d588a02b01e5b6622ec8070a00ab08b4a9ee1cf24,82b8bd406b0da528b7718f688b9aea9a4ba7b7b866599207afc7add5f2390b1c,,,,13742.12744140625,219.65823364257812,2a4970a00a99f7fd07d1599d0a8ef298918639a8faf42009cedeb3a9c5637d80,adce276c25e97ea16273335fce72f626fac07c5c37b3d517bfc1714631544280,fbee0137e793d8e1af17cc8f970c62321e0c2b0b5c9b853ee2c4442259b7a8b0,55395733ce6dd6f493b5aa2c1e46865f1b144d00761d5fddb092017925a26e27,384.940274477005,219.65823364257812,218.62235260009766,13742.12744140625,20368.0,24563,True,7044,244,613
iteration,1800,_DSC5612_1.JPG,20,False,237201,13115,0.22284114360809326,0.10879987478256226,0.606814444065094,0.0034216931089758873,0.011016663163900375,iter=1800:before=230265:after=237201,0.28720295429229736,0.30258864164352417,0.013306083157658577,0.027831247076392174,338d3f1e505e09db82f475ccfe82556978d5a9b61be8fe7431a34a7a57f1b9f1,f5a13c409546dca28c041a61657cdcf80e74f007633d82e8d4304ec3ddc59f8e,82d41f88144ac0fcd592f5158e8beb4f473fbb1a98a2700f273a8995701be672,89106083aab64bc7054a530778b7732cce634b92155722b237124a98fc4bed8c,b023a2886de477f3ef3fa82891ac7b053bdffb4bb3327656f5121dd3608b178c,6c3efe84672c210e3fb94f9f9ae95d720a7c158305e7c368f09e0d7d92603a98,ed519d0ce640f430566135fc5f6ad7da0f0e9eb259b2c215b3957626e19973d8,6322dfd085063143f871518334e59bd7b89a76c771012e210bcd0dc3ee2ca3d1,,,,13742.12744140625,224.11468505859375,33fc402d435a6f368862301db713f94a6af73e33a4db7ceb6daaaa93043d3ce3,adce276c25e97ea16273335fce72f626fac07c5c37b3d517bfc1714631544280,fbee0137e793d8e1af17cc8f970c62321e0c2b0b5c9b853ee2c4442259b7a8b0,1d7f6c19d675087f2380f330f4b3c1fc0bc0e8622016677d63e12ace47bb7df3,407.7329754829407,224.11468505859375,219.8711395263672,13742.12744140625,20368.0,24563,True,7190,162,578
iteration,1900,IMG_6989.TIF,17,False,245861,178636,0.11415446549654007,0.05336172133684158,0.2904627323150635,0.0021851311903446913,0.011187409982085228,iter=1900:before=237201:after=245861,0.2928701341152191,0.30664968490600586,0.013288689777255058,0.02764574997127056,0b5dd2b45a1b935abd7743ad1eea71b9eba2678c1bcadbd87c5938c4e01aa0f4,1da5238643def31b34b62acd35dd9b225c58e4ecd35c25df6bd01c078ba86638,dc40d8108b6d1012ee885028abe27bbc7eff8c59880576a47e70cae1c75e3ad3,8a6419a7f8c97db0ba35f3dc003c9e2cb0b4ff0a6c83fe35eca566351b8cdb81,5112c0c4684c6b67113543e4fb7101249e50fb01fd69a391de18fdcab3891b33,1f8a278247438e50d15b89122d6813578e9fabec9ad24fa6abeb09ec54c4e6f6,f038b41c426e2caa9562f9679b72119dada61e226fb24ab5d2650c2e6535ef0c,cf5178fe876a2762737bb0381d7e21f2da03b94cac7e93cc82a56f40cce4a0a7,,,,13742.12744140625,221.44613647460938,964cc7678694ee7b38f4bf4e7008bbfd09804faa526b22748da1a71384212641,adce276c25e97ea16273335fce72f626fac07c5c37b3d517bfc1714631544280,fbee0137e793d8e1af17cc8f970c62321e0c2b0b5c9b853ee2c4442259b7a8b0,fb26e2fe8f8bd084815f0f74d34758d278f09765f5450b49b19c2a77886f0144,430.62730741500854,221.44613647460938,220.68634033203125,13742.12744140625,20368.0,24563,True,8816,205,566
iteration,2000,_DSC1650.JPG,98,False,252143,75065,0.13000985980033875,0.06479163467884064,0.31943279504776,0.002960069803521037,0.01132991909980774,iter=2000:before=245861:after=252143,0.28848037123680115,0.30587610602378845,0.013257618993520737,0.027585454285144806,a17eda58b14fd81dae3f30059ff76b1b064adb9269250595316010aa3a0c86b6,551128e6d903b50148e425ae9fc6378699f0461e0824dc698ea32646014f7e5a,e064eab31f7419b0abbdf757153fab6039cbb64f707841e2f4e5cfe806d0703e,bdd071fdac60f8a379e645162f7563af8b80c5882ae57c8d969766989df31b8c,ef3749401b5d21cfaa429cdb068e459e2710af0371a44ca77cc96ac001c55740,c2b8e3529d5a752f39cdf39e752aef3b496b37d62229623ab8670241677e33df,cf9b8a91364f07625326ef0cbe28bc3ce0aa5201d9b746219e80655556d60256,9b8137cde67e6d193d75baf3163822f05021a507cd5493726c60d8d7d2948167,,,,13742.12744140625,217.01734924316406,7882e54838e627fa4ccecb300de0fd1db53bac6346ebcf3a53f17c5e82891a10,adce276c25e97ea16273335fce72f626fac07c5c37b3d517bfc1714631544280,fbee0137e793d8e1af17cc8f970c62321e0c2b0b5c9b853ee2c4442259b7a8b0,898671e48948087a7a9ee4c16ed264beb35d8dfda2eb55091d06007788893169,453.4466960430145,217.01734924316406,220.01459503173828,13742.12744140625,20368.0,24563,True,6518,205,646
iteration,2100,_DSC1610.JPG,24,False,259522,113282,0.14896616339683533,0.08265820890665054,0.34239280223846436,0.00298480736091733,0.01137622445821762,iter=2100:before=252143:after=259522,0.2937578558921814,0.3103015720844269,0.013250459916889668,0.027562333270907402,e401a1f6c48c7bad4b9043cd73b1dc903afcc7a549f40c38e87036f41670688a,46bd8d9235e66fb1035fbed30aa35d56395745da789e62a147f48bf75e89efef,32ba80b2dd6db282c868db4186418e38632f38ef37ea76c3cf20ea619b086744,58258f3948496d6485b32c0a0a864118e09ffd9d7cba3902eff1ecfee16a0422,4b318f6445745c347a6fc07e2d2c34da6a4ce52dcdd8f346a24e09f38cede366,1e36fb45553af797653b254bc7bd0ceb1cee90c14d68f0806fbb177123d103f5,293ae687671ff1e389b18f516be1a3769dd33d24ba16c7a66c9b48e557f29764,359eca496a65e38930e822b4112c6e9a7326387a9ba664412e8aaa4ec4fb2149,,,,13793.47998046875,220.1466827392578,99d46f0547ad11d3b5ad8942e6f92cf228e080a38048d160e780c3b8280cf843,adce276c25e97ea16273335fce72f626fac07c5c37b3d517bfc1714631544280,fbee0137e793d8e1af17cc8f970c62321e0c2b0b5c9b853ee2c4442259b7a8b0,65769ab20f792aee65d491757e57c9573f88056c9ed93f259dc3cbd7c6bfc069,476.3800640106201,220.1466827392578,221.0483169555664,13793.47998046875,20368.0,24563,True,7583,223,650
iteration,2200,_DSC5628_1.JPG,121,False,267556,30896,0.19226020574569702,0.0921550914645195,0.5180528163909912,0.003434316487982869,0.011491253972053528,iter=2200:before=259522:after=267556,0.294668972492218,0.31200072169303894,0.013242445886135101,0.02754541113972664,9d76c888911d4898c996fbf9f780d3bbacdc785daf75b67d113b88fd0937db43,6c109547e447628506367258ba8fbc3e751a1f755fe25da0f8e6f3192f381eb5,bc7eea10716a7f6a4f0697aac056ebcda8f5df3ab6978975f31a4ecd71053bf2,17f42579e6e4fc2e58d3c75d847ed16fae628d0b7b2cadff096877ee43c1cf17,62a5d7f0500341fff6243ba3450bf550061397d575fe092a153b84ce96e758d5,c5737906556cb32046c373e100ebbac690320d830bfc9e65dfbfe9f6667f163e,816f25180e552b6afee5ab8493cd6a84cd4144421f47627896389bd307d9a8e3,5d45229684cabd060ff6a8bcad9fb1e7f2c7f824e7b0c61ad436f8c017fde896,,,,13850.310546875,221.25363159179688,2c7f4964722e9f952e483eba4cfa134bc05613148821d4f4faba1871bd66d1a1,adce276c25e97ea16273335fce72f626fac07c5c37b3d517bfc1714631544280,fbee0137e793d8e1af17cc8f970c62321e0c2b0b5c9b853ee2c4442259b7a8b0,0adf772c800d17f5e367157572d3dba5cdad7c7d396cfeb4148cf26da8b404a4,499.3403539657593,221.25363159179688,220.77132415771484,13850.310546875,20368.0,24563,True,8358,183,690
iteration,2300,_DSC1601.JPG,11,False,276036,48471,0.14268051087856293,0.0671226903796196,0.37135815620422363,0.003130308585241437,0.011580421589314938,iter=2300:before=267556:after=276036,0.29681238532066345,0.3138527572154999,0.013224509544670582,0.02737332694232464,ed7463409995e4a2a26e759a72e2ba93b44dd97f3666936569feb7d9db353ae3,101aa4660ef948ffb1c8d9a372a67e362e08b54ce6c23acce247c1148ea5fedd,d886f6582c71dc4c7f77bd80f9ea8ae813468fbbd4d92754d38f994a4d373d7e,23447b77269515c87438d5eb96d2108bd8317b342ad714a01e343f150a5e5256,b8f6fd52b3a6c1d61b04d964f20aaf10520e332a88191a3f64e4918af3929c61,932a4aae78310c0ea6b8272c7f9893dd57f8317a163f0df78a3fdf5131e102a5,e0f4eacf69cc7b5cbf2a575dfe6ba02c71b43965b0c8afea8552dbc6c42f830a,fd0479fc1d8e945b95db735cc2eae7797a82e4a2a0220afef45d66661a4a55f8,,,,13879.845703125,218.32911682128906,2df521baa137a0f820794552cf79d01c834f7d465ab1efc2cf4fa5d0b14322ed,adce276c25e97ea16273335fce72f626fac07c5c37b3d517bfc1714631544280,fbee0137e793d8e1af17cc8f970c62321e0c2b0b5c9b853ee2c4442259b7a8b0,ad909c5453df4cc7b4ae464a855e810c0b5320fcab60c2aad07a01f304cf9726,522.3994154930115,218.32911682128906,222.02877807617188,13879.845703125,20368.0,24563,True,8761,188,657
iteration,2400,_DSC1647.JPG,56,False,284203,45570,0.13583248853683472,0.0642324909567833,0.34898000955581665,0.0030405111610889435,0.011609992012381554,iter=2400:before=276036:after=284203,0.29737550020217896,0.31454214453697205,0.013206668198108673,0.027403056621551514,dff479d7a31d1821563a8e492aedad4a9d9250936bbdbfb19917408c101210f4,49298554167af7fcaa67b2bcc4b22bda4e963b68581352e5ccf68062922b98d1,cdd6cafea893e0ab4f568df875681780b97cd201439564cdf1c8282beb6e737f,0f1a17d609cce579433dbea0512d254def47cfb41d3376cf5b0bc293b84ad0a1,7569e6770d978ebb3c0e26fd2b63d109f77178926a5ee5580394e92cea2dc292,989badc11a56dc9aac75758fdfa8de394f525f0884be6b664ff8e0e7ce156fce,7f0ff11c274cc93fe4c503a375963f7e202a50e917c2d7d2e24386dd34df50b0,6fe07089247fa2bef5382377c2fb162ec193846076470b8ec804cfabb712d12e,,,,13879.845703125,218.94773864746094,13727a2d0350b97e51f1354c0b8aa70ed5716f528c916f4aaf6d03e9111221af,adce276c25e97ea16273335fce72f626fac07c5c37b3d517bfc1714631544280,fbee0137e793d8e1af17cc8f970c62321e0c2b0b5c9b853ee2c4442259b7a8b0,d4c387f300b01d6f04dcec7fc5f8b5e00e2bddc6a1dc780068687ad261012aa4,545.402193069458,218.94773864746094,222.04927825927734,13879.845703125,20368.0,24563,True,8442,224,723
iteration,2500,_DSC1613.JPG,68,False,292872,38243,0.14177332818508148,0.06376588344573975,0.3798876404762268,0.0031484568025916815,0.011634654365479946,iter=2500:before=284203:after=292872,0.2998061180114746,0.3166404068470001,0.013192905113101006,0.027142541483044624,1fbe15c722cfaa6c801821cc4365f150523a6ef90dc9d28137ed6a4cf1e5e5be,61302453db739f3528e96f0a314e20bb7a8c540e69ac37bfb42a6075623eb658,c8fd82dd933e1f39b56ce885b2ee98142271ce17f847d564e996ad9d14472eda,c29643d3e6a26d9e0f6e075ca8c7bef7ec9d55a4ebc687863fce4bf12ad4be2b,40e8fc0910141fab3cecb16fbf0c5ea0208edd3581b701c05e350dcded1ce5f8,efe3dd3604d1e649da9bc15f97d54923f642039681b864a68a23ce06a24a5f73,0592ea544c8bd6cedb2a16a849ed29a0ff0106f9d19fbf6a1d7b363507279fd0,e3b0a388b102a64548f9cf65248540bacdc58178a4f608a14f55632e73f6b384,,,,13909.5263671875,220.75494384765625,3fd4bbba791f966c6ad9df33d8ded6d78e78af6c1d9db13b035b55bba1259b23,adce276c25e97ea16273335fce72f626fac07c5c37b3d517bfc1714631544280,fbee0137e793d8e1af17cc8f970c62321e0c2b0b5c9b853ee2c4442259b7a8b0,b6e4131c0c8029752d6a757b059327c5bc6ba03941abd0a18c26aabf540ed8e4,568.5328919887543,220.75494384765625,222.35137176513672,13909.5263671875,20368.0,24563,True,9054,160,705
iteration,2600,IMG_6987.TIF,8,False,293862,166578,0.0717812106013298,0.03320177271962166,0.06959927082061768,0.0022459886968135834,0.011546460911631584,iter=2600:before=292872:after=293862,0.28843972086906433,0.30790022015571594,0.013170147314667702,0.027148500084877014,dc309a8263e166d38e89391b5482dd744f424123c4a7ad33bf0a4d1c3e8f1040,56aa27cec1d7e601ea75ae6de35bd2f6742a51ff4fa09c13bda9771b1237e9aa,18403d9d91c17d323965ceefef42cf3478cdfd08d187b7cbc9c4fe69705b0fab,0c340e038ef49486d2d00769a564e0b628d4ce8e64c2b3a7cecb86137541d65b,fdd3b3bdda7ee4c255312cc5dd87782917b02c746d710d7286ce74b1562bd067,e92ddcfd90ae40c21786c2e799a159ff4450c8903f33b4921250951891a8c3ab,9468761ec4c130282538c3f868a42ef0f4127a479f8e492841effff87fee1a1b,8b7d5334534ae77c0c0bf15707ea087cb8cdda1dfbc04b8df8397161f93a05a3,,,,14029.505859375,225.65989685058594,acdb392754a9c755d4f9218c7ca33e854a44d16e57a1769c64e06e11c68cd647,adce276c25e97ea16273335fce72f626fac07c5c37b3d517bfc1714631544280,fbee0137e793d8e1af17cc8f970c62321e0c2b0b5c9b853ee2c4442259b7a8b0,b40912c393152e1cb521126d44986eca43b5cd9c9c0711591f4f980cda0386d8,592.1388218402863,225.65989685058594,226.7519989013672,14029.505859375,20818.0,24563,True,1272,74,430
iteration,2700,IMG_6989.TIF,17,False,296327,208432,0.07738330960273743,0.034759506583213806,0.08489114046096802,0.0020156356040388346,0.011361661367118359,iter=2700:before=293862:after=296327,0.290923535823822,0.3106483817100525,0.013199251145124435,0.027263157069683075,ddf89bfbeeea53c833f9484ae45d9d2f6fa4212abd94b4d0867f88593c3aa66c,c35621818d9101c1ea1103a19247f7cb1edfc6dfc8a502414f7789a456aa6c73,bf01b665be6aa93c9879fe5f34a23f29cd2110f576e801b943251aee1907d580,bd4d74070557c347ceffc6b697b831e594416b420c96bb88a4a40a2880fa021d,9dbf73d899e365beaca5bcba2fec54430d1e90f48236a448c4714a61b30d364e,b40b6df16982fa6b90952036df937db2c8d823f651366737cf5576a7d84e25d3,0c738573491126550565b98123188707108396d5d2cfb07739effafb39cf3cf9,422749d873a2fd2a659cc47f8a38c9fc09ad487a7a9092282325856c2d5a6347,,,,14033.9619140625,228.0743408203125,23f4e5096c5acd937b5613e1d40b64cfd586613707d735c10a11531b3da3cbfa,adce276c25e97ea16273335fce72f626fac07c5c37b3d517bfc1714631544280,fbee0137e793d8e1af17cc8f970c62321e0c2b0b5c9b853ee2c4442259b7a8b0,3f129f506c0a035d2e9a8ddfd66736f7f744a47dd0ea9d6786b5217984183b8c,615.7283761501312,228.0743408203125,227.09444427490234,14033.9619140625,20820.0,24563,True,2686,102,425
iteration,2800,IMG_7031.TIF,5,False,298028,204761,0.06820420175790787,0.03055894374847412,0.072415292263031,0.00209803762845695,0.011242390610277653,iter=2800:before=296327:after=298028,0.290275901556015,0.3092440366744995,0.013219249434769154,0.027496200054883957,c76033527a616ebba6bfdee440032f1a922a6d720cff4511028293c172609295,d2d6830cbb93cd5fbbb1dcc6db15d341fea0ad25e7511a2aed3aebec78b2cba8,0f30c30ebea38d71abade541695fd81016a243548b70ee623172331ac045cd71,0548cbfd1236401c051401b51f59e684bee9cd4fc6274d3e66fe274dbf7ad336,adb376f02cb2216ca9dee5e1207ab20b076e2dfd2722f78d72684c570a3d2782,5977eec2ac64bec4808c6bfdce6ef8a23860cc86c150848694c27642a03ff87f,1b51ce622adab0e23166a12845dc1048a38f6a0518290661444c93da91cfe181,d4dc5779a06c0d5f920255e07ba240cc2f4c31d6ff666fa6accb81b846743c36,,,,14043.12548828125,224.5928955078125,ca41bd0ffe6d690b9323d43a9bfd30c63878ba3f3c41fa66c7b8f0adbd44de94,adce276c25e97ea16273335fce72f626fac07c5c37b3d517bfc1714631544280,fbee0137e793d8e1af17cc8f970c62321e0c2b0b5c9b853ee2c4442259b7a8b0,8a6f416886faf2f579a23c514149dc6751c408210f06c9604bda95b0a2f8e725,639.2685742378235,224.5928955078125,226.61734771728516,14043.12548828125,20820.0,24563,True,1875,81,336
iteration,2900,IMG_6991.TIF,14,False,299082,212741,0.07456332445144653,0.03596431389451027,0.0739336609840393,0.001928598852828145,0.011089863255620003,iter=2900:before=298028:after=299082,0.29075002670288086,0.30971312522888184,0.013242927379906178,0.027514802291989326,11a9996924b0ec41f151d81d177fb2d7d2ff1287c1340da5a4e5ef116e232a9a,6ce143d31b135984abd7a14d52109973827513bf054eacf3d66403792a5b8d25,8356e4139e37833f90dc72dabb6d2b16d760c8200c2bdea1009cc4f2e606328b,1f3499e2b7dd13a002bd908d67a38ee24deea229ab619a106da4424ad3c4c17a,c03d5673d375c2011167f43533f7901baa7c299f1caae8708e2d1df5dfba441a,ae1e9404623c7985e202b4ab9632c1d332dd009140e59338a3d17387666aea76,3fe94a19fac8c68a5d4b1247edfa7a5be3297e8762ad0e5dba59eb8fc2356563,3b428c6a3e4474f3d35c16d4bc245f0da0287a4cd26048c4138fe32f6dc11ac2,,,,14201.55224609375,227.90553283691406,069fb9a29e0c2afb0d90fc14f85bf784cb9975f28b846ca9b42eafb359063d99,adce276c25e97ea16273335fce72f626fac07c5c37b3d517bfc1714631544280,fbee0137e793d8e1af17cc8f970c62321e0c2b0b5c9b853ee2c4442259b7a8b0,49551b733655cdb37039a07c2e1ede8240a77b098e706d16e38f3ce047defc8e,662.7827837467194,227.90553283691406,226.7852020263672,14201.55224609375,20820.0,24563,True,1276,82,386
iteration,3000,_DSC1629.JPG,80,False,301062,50942,0.11683942377567291,0.07813945412635803,0.12160158157348633,0.002863470930606127,0.010959926061332226,iter=3000:before=299082:after=301062,0.009899704717099667,0.0005698481691069901,0.013274168595671654,0.027601199224591255,fff51dc05fb6c0a4b30d8a6f957e0a218432d7ed5e0305197ddaafb10d6ba022,a8a04afee7171d721545d0a9e57d6a8ccd36c0dbeae1a67e6a909a0cb68f266e,3e4bf47689bdab31ee01941fedc160b08d6b24205d7c686f16e4fa95a448ddbd,cfbb0f519d502f1d8ba060e2177b549e36c1a840cf23c9ec4851053e22387043,3f8b25c309c98304240d421286c572de87e664cc60dbe040578a1a715f122552,4af3b7f680eea8aa6085f06ab30955d0ab2b55b58ce46cbd21bd670d17904530,25aa6b64abcdc6b029bd9a63e8056571d42d82bb63ba6a1e21fb67f38d109b80,df59b362102ff3ae9d2b15033ae0f60b64c0952ef8e705c73ef25c0d9e6beb52,,,,14201.55224609375,225.8903045654297,8de338676a28dd545d05d545d017a0336e4b4fb42fd92230768e91c8b854afc5,adce276c25e97ea16273335fce72f626fac07c5c37b3d517bfc1714631544280,09393005862accc2386e4f5f12d6f09226589bd6c80fea0f2a8a2bf60f787122,1412fddeb7ebbc41db0196138bec01712b475016856008e9b4106b1f708db8e0,687.5563983917236,225.8903045654297,227.36690521240234,14201.55224609375,20888.0,24563,True,2193,107,427
iteration,3100,IMG_7035.TIF,13,False,289787,201560,0.10252335667610168,0.04619785398244858,0.1627301573753357,0.002372247166931629,0.01099112443625927,iter=3100:before=301062:after=289787,0.2062988579273224,0.22446401417255402,0.013379542157053947,0.021873723715543747,22f4e8131cab8245ef507b6170422846f407c274281e8237c05e9c97831be6e5,8db1b5a008c268dea293d6e24ab4c1580e4b9f4ba377f22b29e912a8f5e75125,3f52b68a878da653d1fa7cd13a7b86382a7ab9ca3b6a8d14f6c6fb737d891c40,6a734aa9036b1d0b767f4186b9fc08c39e73ad372fd8b77d2a48217811d15fb9,3567b64c93eb6f7b61f5a79567ed020a382e23bab49751fa5afa2f2f6c3303d6,ae99f8fee92a2c80b3b615cd2a38deb0aa0fbb399e391f989f8e0ccd3d8cadcb,0e87318551920a6f7c1fc4d8b8a6edb8040dff303c231abda2e157d75c7f0aef,41fadf5e1815ef0339f3e95a3fbd4608e585efcb855b84212334f10bd7860cf7,,,,14224.36767578125,226.3900146484375,9c4b2633600bc222088dc58d38e12ff7a6f67e09f04577487eb95c9f3f04ac0d,adce276c25e97ea16273335fce72f626fac07c5c37b3d517bfc1714631544280,09393005862accc2386e4f5f12d6f09226589bd6c80fea0f2a8a2bf60f787122,64f010d0e94458515549e637964e4c132a2e67c2bf609e300225c4445f4ab1e3,711.509682893753,226.3900146484375,230.73228454589844,14224.36767578125,20888.0,24563,True,348,69,11761
iteration,3200,_DSC1634.JPG,65,False,290191,199723,0.11911876499652863,0.08139820396900177,0.11565417051315308,0.0027359260711818933,0.010882895439863205,iter=3200:before=289787:after=290191,0.23684215545654297,0.2544519305229187,0.013480807654559612,0.022060438990592957,e35ca8a4e37fea0ed261cd555d77c1432a41928770540e46f3ce923ba952b3cd,b9683b963463790dc9e92b15132b97865132c9b332b268a9a2f6f225c69208a0,734fc2fc291ac07e6d67d7d87fb4abd03275f6e2b52f9b076cb5274f10d0ba89,d3bfc8c70afd870b086e520eb3e79064ddf012704058967ba7ef1d0f32794239,0f6c27ba8a1beb03008fdf0bc81791e585be0e1d341bb8fae0ac9ce509700c03,d6703350e579d28357bc19a9af3a173435b8ff7b733510a058a2226234478c14,b36e410dad9ba04c27f1fdb5365f636f9def72a3bae42500f01ccceafd5f207b,1100d82d04ae45624580545af29b070b87017cae720a7ed6c4fea5ac9e60306f,,,,14224.36767578125,233.62217712402344,aec3642220ca673528b637c1eb8280de4fa09a83f495ee7ed73dc5cde918d4b6,adce276c25e97ea16273335fce72f626fac07c5c37b3d517bfc1714631544280,09393005862accc2386e4f5f12d6f09226589bd6c80fea0f2a8a2bf60f787122,998ace568796d3cbc4b358f1a8c772ec054e301b6292baa8c0f12c5c9e13224e,735.2858138084412,233.62217712402344,228.51891326904297,14224.36767578125,20888.0,24563,True,1755,202,1755
iteration,3300,_DSC1589.JPG,5,False,290983,74274,0.07957350462675095,0.04113823547959328,0.0852460265159607,0.0028475546278059483,0.010781282559037209,iter=3300:before=290191:after=290983,0.24777881801128387,0.2662223279476166,0.013545116409659386,0.022253653034567833,cdf86dc9076298c2329a158f02d4cbca6a3452346b418d4aed05afe79729ed7d,8bc84637d3809eed468b75331880fdb45c5783c85201822b644f8c628d9fea4b,8f0d9ce5583e1ad3bc96c50c3e1dea3c3c732c782b965af7c4c23e93c30ff5af,dba63c5cc66e22858dcdc99bf8ce2c9ced39ab87fe73bbb57a40194e62b37cd8,ed02a6eed8b4f36ab5784c66e86a79bb5abff29e5a34e47f9cbe3eb717084fa7,20aa359b180a8d823fb5c17a8b983142e414b7f41e9d43c7087b2f76fedb56a6,1424ed5e03e46f433024e03a4a4843f3c58e308a5e3bb6fc885020d7ba5b3956,de47a86456821afa61c0d524ff1d6a9e0182c4a7dbd0424f534e84bfa580947d,,,,14224.36767578125,223.54637145996094,f0038e31ff6d49cc9ba626f9b8260f477f742077a3dde569d07166eb5ebac76b,adce276c25e97ea16273335fce72f626fac07c5c37b3d517bfc1714631544280,09393005862accc2386e4f5f12d6f09226589bd6c80fea0f2a8a2bf60f787122,9eafcc45dcf4ec7aae484375b1adb609bad3d2c45ad9888192900416fa6f3729,758.8685503005981,223.54637145996094,226.99008178710938,14224.36767578125,20888.0,24563,True,1497,254,1213
iteration,3400,_DSC1620.JPG,39,False,292247,46437,0.09738366305828094,0.05281728506088257,0.11910140514373779,0.003187665017321706,0.010633883997797966,iter=3400:before=290983:after=292247,0.25902441143989563,0.27490246295928955,0.013598548248410225,0.022291885688900948,9fc6853f6c653daf7152c989190a0b8e9d1db97936d0939fd9b808684a743849,88f3eb86ea4cbde164e5f27bebb9a3ea0ef64d307d01ba8d22d3a3cf366e7a06,2dc47f715c158db99730c4241efcaaab8666a3ca065b3ada1b66070c2ac0acf9,ca839d2ae6f7e7865c4938ba3c919aaa4dccd1712a4b0e75d4e1b5ae0e883775,fae01535452cd68e450a93077bf3149d01d0ee4d33743885dfe87d2e9536342b,c00f5babc307d58a7de8d82759227098062e9335958f9a2c54501636302b4d06,a2bc8ad014617aecee5ed4da7bb8a50bacb9258074a48d6f87c2547f2413c9a3,2276c2e0957af05236c395dccbd5b6cf25d54226233608cc30e183aadec8b16e,,,,14224.36767578125,224.76800537109375,b7e5459e0fd8970a8aa464b95b224b36102a4ea4705f53e815c0d43cd020f788,adce276c25e97ea16273335fce72f626fac07c5c37b3d517bfc1714631544280,09393005862accc2386e4f5f12d6f09226589bd6c80fea0f2a8a2bf60f787122,ab2baf7276ea637b841c903012a7b1dca7fd6b0b955ba7bb6681580e93025c66,782.4598183631897,224.76800537109375,226.72954559326172,14224.36767578125,20888.0,24563,True,2006,205,1152
iteration,3500,_DSC1594.JPG,50,False,293539,77404,0.09010293334722519,0.047790251672267914,0.10500186681747437,0.0031884792260825634,0.010602831840515137,iter=3500:before=292247:after=293539,0.2682143449783325,0.28421488404273987,0.013644758611917496,0.022291138768196106,e76662b74e0e1ea683b41265aa7eb47090cb80c2ffef614ac848482ec020181b,cdb623fe6d9c795377a35c13b54607a0c4f2fae4dce78640abc0086f4bbbb2e8,d99359bccc5770ff7940fa43518b25b5a36bd2996477ea8b24c53d0f3138c24b,b1e571d70cb3fd49934da361dac59112710b2d64033c649696f3937a458979b9,b13a88e729cde3ab0c01f04086bdaaf1c2288aed2e0b83bd6c871c298a1a9788,de9c2da921e51c44fe655277a76d5f0d160d5fa5780fbdf9334a81fd3e4d2ac1,7570e42b1952390961713b74beb284a514a938fe3ce15da25295f97b8eaf41e5,585772489d8f53023a180fc1400d0ac58b14b56ec4baa3ea64575e23bd1ecee5,,,,14224.36767578125,226.51699829101562,9017fe63cff84f14bc5579c7dae21ad169f7f3250b3886cdb19d6b9ff2fac4a9,adce276c25e97ea16273335fce72f626fac07c5c37b3d517bfc1714631544280,09393005862accc2386e4f5f12d6f09226589bd6c80fea0f2a8a2bf60f787122,97abd78ba9b6fa446f14628dbb4db77d1607bb5360a4fb13a2eed1d09735f43e,806.0629789829254,226.51699829101562,226.8927993774414,14224.36767578125,20888.0,24563,True,1934,254,1150
iteration,3600,_DSC5600_1.JPG,44,False,294815,32849,0.0946039929986,0.05648530274629593,0.09103810787200928,0.003354187123477459,0.010471045039594173,iter=3600:before=293539:after=294815,0.2705627977848053,0.2880162000656128,0.013654910959303379,0.022293681278824806,226ccc425b8df566e0d0dcf817daefb7d5e80b84ceb7f983086c96c1e4d2e71d,aa8b440d274358136802bddd743bdf803f8301f84ffb62c3dd3bcf1b76b251ea,d987562c001971be711b4c33388e636457fe34295798fdba96be94834edc18ba,13a76e6e6befb72cfd1e778f61d02a43f0f9789d3e585fdfc629882defe020c6,d320b0bdd4fcc169f537592935ebc5fe26f8277e3a7aca3f0b6af04d76c7514c,d5a5b04ca3f6a82e34b933da3cbe5a5ec068790e933483e6b888ed94fa0802e8,3f5fbc7fb5ca344420aca7bf100b389749cc75ae38e49ce8fa0ab8fa712c0f6e,1c7bc06bd808bba1c834e899b7e8727aace35e5f045920e9db97da0032c6cce9,,,,14224.36767578125,231.942138671875,3c8e224d03014fccdeb3b714d8a415fa85a5096499a1984b8c9c37c2ea7dbc17,adce276c25e97ea16273335fce72f626fac07c5c37b3d517bfc1714631544280,09393005862accc2386e4f5f12d6f09226589bd6c80fea0f2a8a2bf60f787122,34225ec9cc8a279de865d4fded813498c7c736bbe9cc2ac3962b5a5d5a9a1e7d,829.7425389289856,231.942138671875,226.97267150878906,14224.36767578125,20888.0,24563,True,1963,147,981
iteration,3700,IMG_6295.TIF,4,False,296300,262317,0.07581249624490738,0.03429776430130005,0.10197484493255615,0.0018492280505597591,0.010354493744671345,iter=3700:before=294815:after=296300,0.272414892911911,0.2910902202129364,0.013682871125638485,0.0223853662610054,769cba954b53e5743bfb876b9f0dcb46cc7508e458d146a120eaced0536aff18,532308af8f22969aa7d073b135876b2288a36db7e581c61e1cb3cce62574a452,d98480ef016c43e17baa3618a579c81fd54b6af8b6059d3fffbfa2cff445d7f6,c86b828b76a797f978bd54712403e6b6da4f6b97832cbcda4eac7cbe826a9fa0,d56724d8e5adadd90208fa128489fe34fd0ffe5ae7b9e57d75586ca4650c18bc,8e8dbd7889d4fdbf7f14fae26327645adc0a3cf54c1c5be5f8f2a40425a57c1d,44f04ef56a7ee7764e1aa04fab319506238edcfacbdcd98c58233587caa4bff2,48be832b5d50d4698e9c79843738ffb2c3b7aa353edf585f065556b1b0df2e0b,,,,14224.36767578125,226.08486938476562,0c127d66ea2e7cbcc79de9b620185ba03d2ef34c5ddcfe176dd13847ee7ec8e2,adce276c25e97ea16273335fce72f626fac07c5c37b3d517bfc1714631544280,09393005862accc2386e4f5f12d6f09226589bd6c80fea0f2a8a2bf60f787122,52ac3097f795298a5c544492510abc452cb92efb9d4676e754012e0933ad3178,853.2971682548523,226.08486938476562,226.45343780517578,14224.36767578125,20888.0,24563,True,1966,187,855
iteration,3800,IMG_6979.TIF,2,False,297471,144094,0.061476048082113266,0.027190476655960083,0.05459314584732056,0.002268193056806922,0.010245390236377716,iter=3800:before=296300:after=297471,0.27752137184143066,0.2946318984031677,0.013717865571379662,0.022427884861826897,889b05ab19707d9026c6dcd85b0859c81d78bc352cba6056e392936a9c04e66a,6238c9969fdcca853fe1e3dcd8f8c0ccfadde42a8a5d65228831f75b005c9938,9fb0d7234b948962cc1173a705e37214f1692673159a5dd83ce8ef339c1d225e,55317f6d26faa5b9c0d70c91559331bfe01c1ce30e17a492a68c2c70408c4a12,1fe5b8626c6cbac390add4be1eb24f7ba6f44767e6a41348a896368bdbc3dfa3,513381432be260680394f2993dedef6d43399fa4f9e85f6bd26bde291e729603,eff58774511ad0e7a4eef0ac9fd4da08646d2f00a26669729bb7ba104face8a3,4170db9bcd3c2be4cd6a92f4738a82bc417d31bcf2961d7c29c133cc957645b1,,,,14224.36767578125,227.6136932373047,67583d13f5055da1d826cac8732560b3e1df79d5b2ebbf77ffe9993e31f72273,adce276c25e97ea16273335fce72f626fac07c5c37b3d517bfc1714631544280,09393005862accc2386e4f5f12d6f09226589bd6c80fea0f2a8a2bf60f787122,33f50de131a060f9c05d60ab6c725ac16a1d5235b80560b9c6acd5f0dcd206c0,876.9458699226379,227.6136932373047,227.18924713134766,14224.36767578125,20888.0,24563,True,1734,149,861
iteration,3900,IMG_6309.TIF,4,False,299173,275199,0.08415122330188751,0.03746702894568443,0.13018673658370972,0.0018263035453855991,0.010179671458899975,iter=3900:before=297471:after=299173,0.284073144197464,0.2995971143245697,0.013762799091637135,0.022540191188454628,b7a6921078f0cf1f9c179d82456f62678e77080e7099de65a941eb4d0b87c875,37cec9288eca5ca289e01608fce753a3e9d4057072715372ce173a9194b1db0f,1a6ff3d3d306256332ba06dfebc6e2eaf620c7cd773d38342629ac3b26eef7c6,9aea64157460a431681bb7caa40b38a84bd8475cbb283398557a91b02f105a90,195fe500fcb5138a54951f93cfdc6ad6392e81589bcabf71dfb9e24649679287,0e0cc3294106cd389cee61b2590bca9044ba543f3c7a36fd1070d0c567f40e10,f3ab0f1b89e33e0653cd697d6c8bb836808a9e70b17da10a72dc485b511195a9,4da32f67c9dd68a3cd7220c4e71c676af67c376e73e4b3c50685b3de1e8a4687,,,,14224.36767578125,226.3162841796875,8e341084a9cbf0d7865866ce0cb1d23bbc38a3ba4553acb1c3bb01533710a1f5,adce276c25e97ea16273335fce72f626fac07c5c37b3d517bfc1714631544280,09393005862accc2386e4f5f12d6f09226589bd6c80fea0f2a8a2bf60f787122,7b9af84ab14ab0c96fc89c5dcfbaac16166ef162fabc8ed3db89b8823cd40cee,900.5744826793671,226.3162841796875,226.7304916381836,14224.36767578125,20888.0,24563,True,2252,183,916
iteration,4000,IMG_6301.TIF,6,False,300619,257566,0.08949875831604004,0.04334624484181404,0.1344742774963379,0.0018243116792291403,0.01009506918489933,iter=4000:before=299173:after=300619,0.2860063910484314,0.30154675245285034,0.013791820965707302,0.02258891798555851,3df608e7d24acd53fc15c473a9fb6e0fb83f9932517b60a5a7c842befd4a1de6,3509d334aff3685e1fe34b0f3fe69823cec6d66c16797607209b301225856cd2,91ea135c9c1b5e80d6047ef69459efe65cd418c7ae7f70d14f88c097f67e04e1,c98d0b1a08fec677e9db9eeaa2aae7b386a5f1fe8f7694b5372da49008f648e6,6cacb083774409ae2d275b62b71353e0289f225bbfe971677ba53c0d22d7fc28,c3bf547deba91847f20835127ce76021144861a359a275fc1d83e9d8f5682bfe,f2b49920159c5928248b3b5a13a123b64af97fc654164c9a1cd59e8f071badd4,9b3c0a9c818af3c47c841195dd0fb48643f6485e45523d154c5bef218ecb294b,,,,14224.36767578125,225.64044189453125,d9f884bfd2f3a57a61b2fe26ea713eea27c195b3dd191eed7bd2735ca9782a30,adce276c25e97ea16273335fce72f626fac07c5c37b3d517bfc1714631544280,09393005862accc2386e4f5f12d6f09226589bd6c80fea0f2a8a2bf60f787122,de8f9f07ae76997e21e529d46519a57af42b8a6cb9ec51a890abfa722ef53cb0,924.2555918693542,225.64044189453125,227.0919647216797,14224.36767578125,20888.0,24563,True,1887,138,717
iteration,4100,IMG_7039.TIF,15,False,302080,236860,0.06436963379383087,0.028433222323656082,0.0665084719657898,0.0020392690785229206,0.010020045563578606,iter=4100:before=300619:after=302080,0.28737470507621765,0.3030339181423187,0.01381413359194994,0.022700080648064613,f40f22ea8eaebcf2784b94572549cb0304e22431fca9f7f2eb99d47a4cd4901a,c9efdee3f6cc250a7445da9925d5872a7926571f95de6d0b4cd6e135bf31cd33,bb3b34224122ee6d186c6998310b257fecde4df7a07109dd9bab7a9c5fb165eb,8122865e369b7ddba32179cdefb0d6f5fb7fcc742de220589af2fea40b913768,37df903cb8d186741f115c3a23591d9947b04704ec458afbb6e591588d712731,2c69585675ccfc472ab744addab984d1c06b60d9f177ccefbd0a9d0da48bab36,cbbceb017ffab9e411c064094beb95afe18492b6782f9d63c9b8b93b594331ac,9de7029b1395cc032f618a9b5b476c33ed64257f390a822441401e783c845f49,,,,14224.36767578125,228.0755157470703,6c1375b1c2a35975a71fc3b3556546878a55b8f95a32787ba2224715d5a45d99,adce276c25e97ea16273335fce72f626fac07c5c37b3d517bfc1714631544280,09393005862accc2386e4f5f12d6f09226589bd6c80fea0f2a8a2bf60f787122,1845f77776b08968e3fde315e0b0a612f1ecd2842ef28bd8cf77f10600160b5d,947.9249119758606,228.0755157470703,227.67257690429688,14224.36767578125,20888.0,24563,True,1957,129,754
iteration,4200,IMG_6975.TIF,16,False,304007,140144,0.06212557852268219,0.028574999421834946,0.06102365255355835,0.002365420339629054,0.009925825521349907,iter=4200:before=302080:after=304007,0.2916077971458435,0.30573299527168274,0.013848946429789066,0.022723350673913956,9a26886760332daba292887873f71fee93d381fd47d09485958d994d19d29fa9,2d8066ce61435d16e4f3fec5903fb70f19efc8ed7af8adecb0ec068f9ed5184a,65bb4f87402f8a262bc1adc31275eaeff80d011db5c089a2c4f1111d3ba47ddc,6ca5d9dd81d92f7a13837ed6f4e6a4022b81aa5a829500ab8d5b3f8900d6781b,aa0ffc6a14fb10fc3f668e967b26dedc7b9421a25332314e6f4a4ded0b8ca20a,52b4d42c0855c74c1e0e3805b1e7891f06fb04ebcc33b16421f68a6ada57c9a1,ae1801b0298783f185930263f48910d4d9d7229822731576334e412d320c149a,0eb3c17e3611eb851c367345d9340c9705a96a8182dafbc899f350128594f05f,,,,14244.0859375,225.34042358398438,a1e7b21066c7952f4b641f080c97680cec6866bd8251d785263155d59cda950e,adce276c25e97ea16273335fce72f626fac07c5c37b3d517bfc1714631544280,09393005862accc2386e4f5f12d6f09226589bd6c80fea0f2a8a2bf60f787122,a74a7f4c1be6f7686de2f247353b15c34e1ceeb17e8363a5316a5900c8996c9f,971.5320794582367,225.34042358398438,227.04071807861328,14244.0859375,20888.0,24563,True,2327,173,746
iteration,4300,_DSC1655.JPG,10,False,305634,25322,0.07844072580337524,0.04250205680727959,0.08420801162719727,0.0029350193217396736,0.009880797937512398,iter=4300:before=304007:after=305634,0.2932516634464264,0.3083370625972748,0.013858655467629433,0.022757505998015404,fc222166f9a2051ae529032cd936d3c6636089d84bdde338d979ed8db597704a,0e792d6ea030809d3637c464cde78f02876c079f223b9914f6f636ccba8a4397,6550adf065789d68f201957605321eabe1083bebcafbd855d044dcf316f37334,394a0cff95b27578fd1740acaf3429d53eb27bef5593e20c79a3dcf164fa8bd3,142c17e385c061141f350e4bbadac17bc16745dc6cfda80f89757204cdcc7e2c,931e0daa5940c3bd13e0d6cff0b494c68c17a3d55c32fa94f79bea11be8a1de0,7c177895e6d694ef65f6cc866b199f31421c7af0d3d354ea66ced8d1b8896212,dcd9158813686bfc66c1ad3f1c221f075b7bb7273f1a02ec3572dd6c044e54e1,,,,14244.0859375,222.0748748779297,9aa05ab077baf40333ed68592f654d8a708c3be19dd216d699aae51df6beee1d,adce276c25e97ea16273335fce72f626fac07c5c37b3d517bfc1714631544280,09393005862accc2386e4f5f12d6f09226589bd6c80fea0f2a8a2bf60f787122,4d917a71925cd58ad13fc12d3e444abb6969915ab8e9402dedeb513683f61a70,995.1869893074036,222.0748748779297,227.22560119628906,14244.0859375,20888.0,24563,True,2035,171,750
iteration,4400,_DSC1616.JPG,31,False,306590,90785,0.10312692821025848,0.06320451945066452,0.11595898866653442,0.0030870537739247084,0.009757044725120068,iter=4400:before=305634:after=306590,0.29267600178718567,0.3089566230773926,0.013851427473127842,0.02268478088080883,9e342b5ba8f4e632e060d0515144e46f71ba4f927de03f2aecfbfbad2a936d1d,e00c1ede545415a29b968154406d16b26a38a73256dc86411654a962a3edc4fd,915a68803212e60ba2c87066411e817a3fbd04e6de633048abf45239721306f9,720607de08e2fd1c30b2aa2f30e1633ce7e93450d7927803ca4304a42fd6f4e5,016d108d06b1c48a9b085b01cca201853fdfd9859786f4f7db121c45810766ff,5eceed214388c3d0cbb7e7625b989a5c2736a55ad06f9df961fd4b5c81add824,1c684edd884487dda162c09892108e56ae37f8a538f12456df715c92f284647a,2dd332ff5003c8b29e0efae133b45393141c2d269c05826548471e0642ae2cf9,,,,14244.0859375,225.72239685058594,6f1a63bd63417867250474e021a3962d457b8771fd6514224210f2719512ec66,adce276c25e97ea16273335fce72f626fac07c5c37b3d517bfc1714631544280,09393005862accc2386e4f5f12d6f09226589bd6c80fea0f2a8a2bf60f787122,2081e22193540fce12a86c305b477bf1230331129b8bfc7120a07c33c000e756,1018.8841660022736,225.72239685058594,227.35001373291016,14244.0859375,20888.0,24563,True,1422,113,692
iteration,4500,_DSC1639.JPG,86,False,308708,140946,0.09406811743974686,0.05684853717684746,0.09627699851989746,0.003073164727538824,0.009636041708290577,iter=4500:before=306590:after=308708,0.29749906063079834,0.31262433528900146,0.013879494741559029,0.02274996228516102,8b5afc152cd6f484401de8ea8d07b81195875ea00a8a83a41635ec4422cec79a,f4a62eec8b63971d2ae3e7e76794b195b83b333cfa0c637dd1a2d4192240f709,b8e3d4f09476029505d2e37038662de4c77d54700db0e9835419344d686f7639,80fcedcfb41cda090061b451eefd39ec47c154a2e126f720e8762e568a413c9e,e6834f06a9a95f47ec9812cae326b11b93b1854acf2fee9788f89c2442380947,36505cf8d321c8365726106216ab3cbf064a7da99995ccad7f043a6b1cf840fc,01a8f58cb45bdcda306088a893a39f94343dd87e2111df34ef65022ba355794b,29d6a7f6d9755bdff445d37a279c1cc4bd8b948ea6a3d605b4f0b59f06a4057f,,,,14244.0859375,229.09336853027344,02239ded7ad866707b6faed489de458460bd0caa04cca43b6cfe85d28cbc972b,adce276c25e97ea16273335fce72f626fac07c5c37b3d517bfc1714631544280,09393005862accc2386e4f5f12d6f09226589bd6c80fea0f2a8a2bf60f787122,d226f2700133e3d5a444b40df98fdf64410c7d9cbf598bacf22195663e183d0a,1042.5763335227966,229.09336853027344,227.5962905883789,14244.0859375,20888.0,24563,True,2591,134,741
iteration,4600,IMG_7046.TIF,14,False,310597,194805,0.06805403530597687,0.03228110820055008,0.07757270336151123,0.002330157207325101,0.009559841826558113,iter=4600:before=308708:after=310597,0.30049216747283936,0.3140905201435089,0.013924209401011467,0.022819161415100098,cbe3e4616e93ecffca859f97c36b1de734a7eaeda558460ba18192c25d606949,2605d4b7ede5d014cbc7d6652a9dadd29d3755150f8cd57a7af7d5b2716c91e3,72e092d4adb03608f19f7dd5dbf904b1bfdfd3be444ed158b4a3190dd41b5a15,cc53c285239335618c1a492d6a6e85a80e519b6126ff4a1f787b99164a58b5a6,4d5b4bb9c4302fc84b044bf7363844e2f24265ed057e053e0f43f71ae83d937f,fc4fff601da95544f98d26081fed0806c14aaf4b6163c5b6757bea809a9485d6,2e93286db491fadfdc5c502cdba48f75ddb4ba2537b84ae355e73f3c244a704c,8a6238abb4ba5de3351a54acf209d34ab3d602437dc4374ba87bd65f02b71305,,,,14244.0859375,226.68080139160156,fb1de896980af15529fd6f3aec0887392ffdd175265d8e700c3d5b31d2f49847,adce276c25e97ea16273335fce72f626fac07c5c37b3d517bfc1714631544280,09393005862accc2386e4f5f12d6f09226589bd6c80fea0f2a8a2bf60f787122,7ca3527ee87ddf6a2cd4b6cc9400ab70f444a0fb8e28f36123fcf8a0280d315f,1066.2078063488007,226.68080139160156,227.3658905029297,14244.0859375,20888.0,24563,True,2307,227,872
iteration,4700,IMG_7005.TIF,23,False,311878,273524,0.05160342901945114,0.02382236160337925,0.04478520154953003,0.0014542917488142848,0.0094569381326437,iter=4700:before=310597:after=311878,0.3013458549976349,0.3148159384727478,0.013937599956989288,0.022898316383361816,3976764589d6ceedf9fbbe1eee3cef3bee74c2d8cfd9b8d306723ee4a168811e,a6b5f1c9a1d2ec243bed9fda8cbf06eab38d02cf6e6264582e9b573e0dc9292b,ed56a0efbe618a03b2bf5e8d17fdb9f08b5b87e09166b5769b0b534336b3102d,6282685abbacb03365e427bc195ff286d1021380455b1a0b4f66082b2e50c880,e5deedc86f0793f46dc72cbd8e6bf3d7b4ab7a025cb9f5b3d81de03dc7a45aae,84ab7c9e8a59a2e24f56aa9436327dcc3c5666977e20f88474945f8ac574d9a3,db019358a954ed2f652b982870058413ee2801b9e77ffd4f2f4e8c2cd8819df8,891c995a5e387351aba0aaa9d7618b344e168e9eb5e2b8154af16c7d759e3017,,,,14244.0859375,227.15493774414062,2c236bd7b2148841683e0649f101b8dbd6f9faac44438a57d2dd8b878d736512,adce276c25e97ea16273335fce72f626fac07c5c37b3d517bfc1714631544280,09393005862accc2386e4f5f12d6f09226589bd6c80fea0f2a8a2bf60f787122,1ac90cba6c739e36a40e772ceb387ae2b0d4a5a5972f2a79651b54c2bde87572,1089.8409287929535,227.15493774414062,227.09247589111328,14244.0859375,20926.0,24563,True,1716,104,643
iteration,4800,_DSC5598_1.JPG,13,False,313708,32043,0.09036833792924881,0.05565861612558365,0.08697938919067383,0.0034144590608775616,0.00933966226875782,iter=4800:before=311878:after=313708,0.3023097813129425,0.31610193848609924,0.013945652171969414,0.022946201264858246,225ceb84d5ab526fb39438087f6865bad2c3f6d9c431424d26e62c06c18b47cc,1271ed46ab72f2b02778389d264524aca1e4a5a3188fff0269d7e162aae57776,e8f35481a589cf086071d58b98de201fc169385d7bc51828da6bffc7e75b9606,0b6bafd2074ddcfd2753559b246686b5ae640cf9c36d92af23226ecf182e658e,46b32865b83d65052ca94038170f9b0fe162a11f68c81dcef7be7e8d3412ebc0,fddbb8e4df736c15c29693e444079f4dde7f4c173d72f932f650ac22b433876b,6692d00445ef7f50e11a8cb5186f5a96d88c3afb2a3221754779c044ca5d6724,489d6ef087a0598675a85e3d6ec87a2579bedc39abe862f090b8c117e717314d,,,,14244.0859375,231.48544311523438,d0a27261d6ef13419f8c11a313175198896c8bc8c0f0c8b38885d73bc3e4559c,adce276c25e97ea16273335fce72f626fac07c5c37b3d517bfc1714631544280,09393005862accc2386e4f5f12d6f09226589bd6c80fea0f2a8a2bf60f787122,401dea5c61db58311c6f16d539e3c9bdda0d7cf678b8aad3f92a4935ac6e5241,1113.5380229949951,231.48544311523438,227.056640625,14244.0859375,20926.0,24563,True,2267,125,687
iteration,4900,_DSC1624.JPG,41,False,315267,49414,0.09020683169364929,0.05587860569357872,0.09709298610687256,0.003175479592755437,0.009259294718503952,iter=4900:before=313708:after=315267,0.3045540153980255,0.3178902268409729,0.013959999196231365,0.023000609129667282,55414598beac50ea4b60e092488a00741b2df93c45e68fc9e1206674fe256f06,f5feacd279966382b3d7df57c9fa917e04e488423f7211cb0f557b0605f0487d,233136a33e1b353b29b3eaa6673f0cb5d831d69078463d616a4adc65a3b4cf8f,b4dff42523208ddf59ab76a22de92c57ce09585b84bcd53fc2b74b3619e23418,4c161f86ae477e5db6579d2daf035143616f0313dad965a010126355499bf8a5,81f86ca06bc202d19509288f0698e14da76f5db58e7e3cb94b3c853e036155ab,b61cd61e5a18883e9d6c6357421b9ae91ebbc286a850622af0e2aac45b1cec61,c1ea7a76bf16347771f0688b8f35502d9130ce2358c7eea667356e18cf5da83c,,,,14244.0859375,226.65420532226562,fa858c3c483794c670a4e717861dc32a47e49d4e8f913aa7af5e7fd010bb2c60,adce276c25e97ea16273335fce72f626fac07c5c37b3d517bfc1714631544280,09393005862accc2386e4f5f12d6f09226589bd6c80fea0f2a8a2bf60f787122,0cc489ef930936994648cf5be4b6da4f8748ec206715ddc09ea3cd03a911c1ce,1137.1139974594116,226.65420532226562,226.9818878173828,14244.0859375,20926.0,24563,True,1998,126,691
iteration,5000,_DSC1658.JPG,102,False,317365,10903,0.054298873990774155,0.023826856166124344,0.03794008493423462,0.00286506419070065,0.009207911789417267,iter=5000:before=315267:after=317365,0.3075437545776367,0.3199099004268646,0.01398759800940752,0.02307858131825924,287306ff3e6e797f8d50d403b122c6befbc1e629300aa740132c79154bedf6e9,ade0143b7696094c0c3cbd954b20f7f7f21c73e94a5cef5d96483759a42900ee,d82ded8abef88cd6deecedb190967fe3155ab88fc675ea034b38d793b31de782,1d4eb58e51728ae35c19ff59909d8ddd0cf9cd6e83eac0b500e00495b5a816cc,60e53ecdb303404afa5b0b7a098020ccbeb37427eaaaa0c8d65dfdbb0678ee32,40f25f1c3969bfb8fa5d3e5be6c26a5feab402bf70790c7e747bc8586bd1a1d2,18c94fc44524aa4ce9917da9e9aadfd751923e766104670d9bd7b9db86084d63,83dcf9d2644548ea4fb801c80588068de347997597e54d5f25d81dfdcb2fec6d,,,,14244.0859375,223.83001708984375,7188801d34c94f8815e440f4fc8008dea369a4c7a5cceeecb6f39a5670b23bde,adce276c25e97ea16273335fce72f626fac07c5c37b3d517bfc1714631544280,8c208ae8625d19df642612b492938896a8d43cbeaad23f17dfadc65204051f7b,5a5f0900761fade716e5fc0044abcbb328f0856d968ffccce2a5908f99224df0,1162.143649816513,223.83001708984375,229.23673248291016,14244.0859375,20926.0,24563,True,2579,145,771
