finite_metrics,full_image,gt_rgb_sha256,height,image_name,is_black_render,label,lpips,lpips_net,lpips_normalize,method,method_dir,psnr,render_file,render_max,render_mean,render_min,render_rgb_sha256,render_std,replicate,role,scene,ssim,width
True,True,4c46b7c82b8a9cb695b7d6cfeade5a78bd4616e33da57c41dbeea0c1290ddf79,900,00001.jpg,False,H-O1,0.3999224901199341,alex,True,official_3dgs,G:\wl3dgs\3dgs_runs\two_scene_strict_screening_20260701\screening\H\H-O1\self_Steam_Locomotive\test\ours_30000,18.020509719848633,00000.png,1.0,0.44589731097221375,0.0235294122248888,fac4ea804198955069a761f81b79c135e92a7dcfc208a8edec41d7699144153d,0.2507075071334839,1,H,self_Steam_Locomotive,0.6030623912811279,1600
True,True,2d09ad6d9128b11964d3db3c44ca3fbe4922c4dbad5efa5669c4d31e54c2e202,900,00009.jpg,False,H-O1,0.33461588621139526,alex,True,official_3dgs,G:\wl3dgs\3dgs_runs\two_scene_strict_screening_20260701\screening\H\H-O1\self_Steam_Locomotive\test\ours_30000,18.982913970947266,00001.png,1.0,0.3851505517959595,0.003921568859368563,3b56db63c4f44260b2b880603e94f6177b1961a2fd6ea6ba6c823ef1e4c9482e,0.21354977786540985,1,H,self_Steam_Locomotive,0.5972054600715637,1600
True,True,cb4c8e2d4e54cc7b622f5bba5415e475cf3877648241a5b46239c14218a9606e,900,00017.jpg,False,H-O1,0.366182804107666,alex,True,official_3dgs,G:\wl3dgs\3dgs_runs\two_scene_strict_screening_20260701\screening\H\H-O1\self_Steam_Locomotive\test\ours_30000,19.839387893676758,00002.png,1.0,0.4053964912891388,0.019607843831181526,4dbc0c5e479aa3c0230396743e8fe122484e3224452354643c6095a6241dc2ba,0.20102573931217194,1,H,self_Steam_Locomotive,0.6039714217185974,1600
True,True,f3cf01ace3b42a43b4b145598b005408312793fb62c8a0f6a9e79cfb0cda8a58,900,00025.jpg,False,H-O1,0.37023431062698364,alex,True,official_3dgs,G:\wl3dgs\3dgs_runs\two_scene_strict_screening_20260701\screening\H\H-O1\self_Steam_Locomotive\test\ours_30000,20.035232543945312,00003.png,1.0,0.5103192329406738,0.003921568859368563,9c71bc72eab2aa07a0ef32f29f9e6698a2f44a2957cb38b80fff516f87efcece,0.2281372845172882,1,H,self_Steam_Locomotive,0.6746904253959656,1600
True,True,3ceaa7a293ef42d110aee7e400f69f865a3989e3e205d0b5231528acb0722a38,900,00033.jpg,False,H-O1,0.17763930559158325,alex,True,official_3dgs,G:\wl3dgs\3dgs_runs\two_scene_strict_screening_20260701\screening\H\H-O1\self_Steam_Locomotive\test\ours_30000,22.570598602294922,00004.png,1.0,0.3598414957523346,0.003921568859368563,f9ef03b24563e1d6948cf3ff69c223daba53fc0f56afacd6fd72b63d20a17202,0.25616875290870667,1,H,self_Steam_Locomotive,0.7595837116241455,1600
True,True,4c3f2d95084f1a287cc1853a91f8f54a909ce732fec0670b11d368e582db51f8,900,00041.jpg,False,H-O1,0.23541128635406494,alex,True,official_3dgs,G:\wl3dgs\3dgs_runs\two_scene_strict_screening_20260701\screening\H\H-O1\self_Steam_Locomotive\test\ours_30000,21.06374740600586,00005.png,1.0,0.415120393037796,0.003921568859368563,5426149d4fe9c51555ac312a1876d5248e124dcf06af4b641bc8282dc01edefb,0.2850687801837921,1,H,self_Steam_Locomotive,0.6837091445922852,1600
True,True,923e775589226ceb83ab9393ea2b810d9d51a72d79bec150132a496de5a9f797,900,00049.jpg,False,H-O1,0.2818979322910309,alex,True,official_3dgs,G:\wl3dgs\3dgs_runs\two_scene_strict_screening_20260701\screening\H\H-O1\self_Steam_Locomotive\test\ours_30000,21.460664749145508,00006.png,1.0,0.2729037404060364,0.003921568859368563,24a066620463b626ba2b5533bf94015cd9acd25b1ab29bdcf0a9c359cabab404,0.21052314341068268,1,H,self_Steam_Locomotive,0.6552137732505798,1600
True,True,ccbbfb6e891234660bf36d69c20c7d0ce6017454509315fba77f54b1681d80b7,900,00057.jpg,False,H-O1,0.27018311619758606,alex,True,official_3dgs,G:\wl3dgs\3dgs_runs\two_scene_strict_screening_20260701\screening\H\H-O1\self_Steam_Locomotive\test\ours_30000,22.63732147216797,00007.png,1.0,0.4289206862449646,0.003921568859368563,468e1acbed0c7ca24486aa8604ae6952f352f0967813ef3c3a224f6694d1dcee,0.27425000071525574,1,H,self_Steam_Locomotive,0.717822790145874,1600
True,True,d5957db71a188c01528b45ab0627d5c66159aff4082203369be7a5c5eb2be664,900,00065.jpg,False,H-O1,0.28031209111213684,alex,True,official_3dgs,G:\wl3dgs\3dgs_runs\two_scene_strict_screening_20260701\screening\H\H-O1\self_Steam_Locomotive\test\ours_30000,22.118553161621094,00008.png,1.0,0.3562537133693695,0.003921568859368563,cfbc763c4cfd5c844fb6bf0b7c012abf8cb521ebb8796e736e00193b3c3c03ce,0.25825896859169006,1,H,self_Steam_Locomotive,0.7389749884605408,1600
True,True,fb3ac462e0665b68cb5cfa7edc1c0ff5c394cab5aab29623113a63905c467567,900,00073.jpg,False,H-O1,0.3096756637096405,alex,True,official_3dgs,G:\wl3dgs\3dgs_runs\two_scene_strict_screening_20260701\screening\H\H-O1\self_Steam_Locomotive\test\ours_30000,19.788301467895508,00009.png,1.0,0.286563903093338,0.0117647061124444,8f2b44eb47b20143cc01200854d3a216c34f79de76e3ce776bdd184e50643381,0.16247746348381042,1,H,self_Steam_Locomotive,0.6657714247703552,1600
True,True,4c46b7c82b8a9cb695b7d6cfeade5a78bd4616e33da57c41dbeea0c1290ddf79,900,00001.jpg,False,H-G1,0.585926353931427,alex,True,gsw_strict_intrinsic,G:\wl3dgs\3dgs_runs\two_scene_strict_screening_20260701\screening\H\H-G1\self_Steam_Locomotive\test\ours_30000_strict_intrinsic,17.213205337524414,00000.png,1.0,0.42129454016685486,0.0,1d1f33b261c4ecfc4a7829730db574152de096469a11e744a7e39f3436949a64,0.25144195556640625,1,H,self_Steam_Locomotive,0.5750054121017456,1600
True,True,2d09ad6d9128b11964d3db3c44ca3fbe4922c4dbad5efa5669c4d31e54c2e202,900,00009.jpg,False,H-G1,0.5285111665725708,alex,True,gsw_strict_intrinsic,G:\wl3dgs\3dgs_runs\two_scene_strict_screening_20260701\screening\H\H-G1\self_Steam_Locomotive\test\ours_30000_strict_intrinsic,18.852712631225586,00001.png,1.0,0.3561150133609772,0.0,9e6ebcec6b98bbb5c090fd4188e140eac22fe658e60ae6d2256f20db84169db0,0.18398690223693848,1,H,self_Steam_Locomotive,0.607009768486023,1600
True,True,cb4c8e2d4e54cc7b622f5bba5415e475cf3877648241a5b46239c14218a9606e,900,00017.jpg,False,H-G1,0.5648308992385864,alex,True,gsw_strict_intrinsic,G:\wl3dgs\3dgs_runs\two_scene_strict_screening_20260701\screening\H\H-G1\self_Steam_Locomotive\test\ours_30000_strict_intrinsic,19.361141204833984,00002.png,1.0,0.36414310336112976,0.0,04a6c4f1d615d8fec2e659aef2d694710f556a3604257d82e60b1551aa808eb0,0.18413607776165009,1,H,self_Steam_Locomotive,0.5743113160133362,1600
True,True,f3cf01ace3b42a43b4b145598b005408312793fb62c8a0f6a9e79cfb0cda8a58,900,00025.jpg,False,H-G1,0.5025913119316101,alex,True,gsw_strict_intrinsic,G:\wl3dgs\3dgs_runs\two_scene_strict_screening_20260701\screening\H\H-G1\self_Steam_Locomotive\test\ours_30000_strict_intrinsic,19.021100997924805,00003.png,0.9764705896377563,0.45571911334991455,0.0,ba42eac3b6d60106d91ead5216bb5559beb333295d8b0b6ce4e2cbd21f467da8,0.2391490936279297,1,H,self_Steam_Locomotive,0.6634144186973572,1600
True,True,3ceaa7a293ef42d110aee7e400f69f865a3989e3e205d0b5231528acb0722a38,900,00033.jpg,False,H-G1,0.40341809391975403,alex,True,gsw_strict_intrinsic,G:\wl3dgs\3dgs_runs\two_scene_strict_screening_20260701\screening\H\H-G1\self_Steam_Locomotive\test\ours_30000_strict_intrinsic,19.85162925720215,00004.png,1.0,0.3595612645149231,0.0,1b92ed42333ce3afc4557a1b55892693e4d5d38e092271e10a52e6ccf7c3d378,0.26555314660072327,1,H,self_Steam_Locomotive,0.7000828385353088,1600
True,True,4c3f2d95084f1a287cc1853a91f8f54a909ce732fec0670b11d368e582db51f8,900,00041.jpg,False,H-G1,0.4450209140777588,alex,True,gsw_strict_intrinsic,G:\wl3dgs\3dgs_runs\two_scene_strict_screening_20260701\screening\H\H-G1\self_Steam_Locomotive\test\ours_30000_strict_intrinsic,20.378772735595703,00005.png,1.0,0.41174715757369995,0.0,ceaa2d770e2cf0f58976053aadfa5e14a32485dd140d51bcd69df750ed802ab4,0.2843901216983795,1,H,self_Steam_Locomotive,0.6774173974990845,1600
True,True,923e775589226ceb83ab9393ea2b810d9d51a72d79bec150132a496de5a9f797,900,00049.jpg,False,H-G1,0.5174197554588318,alex,True,gsw_strict_intrinsic,G:\wl3dgs\3dgs_runs\two_scene_strict_screening_20260701\screening\H\H-G1\self_Steam_Locomotive\test\ours_30000_strict_intrinsic,20.494300842285156,00006.png,1.0,0.2701007127761841,0.0,85f892ce36bd0cedbccf2e2e78958ff8eae9b9bd7a21c9cb8b79f09bc01510ef,0.20403988659381866,1,H,self_Steam_Locomotive,0.6339232921600342,1600
True,True,ccbbfb6e891234660bf36d69c20c7d0ce6017454509315fba77f54b1681d80b7,900,00057.jpg,False,H-G1,0.49997377395629883,alex,True,gsw_strict_intrinsic,G:\wl3dgs\3dgs_runs\two_scene_strict_screening_20260701\screening\H\H-G1\self_Steam_Locomotive\test\ours_30000_strict_intrinsic,21.21772003173828,00007.png,1.0,0.41758328676223755,0.0,ce8ae9e772ad5cd8131cf352ca223772f1bc43f5fa7dcf7b2fe639a04a4f97f2,0.2801516056060791,1,H,self_Steam_Locomotive,0.6819078922271729,1600
True,True,d5957db71a188c01528b45ab0627d5c66159aff4082203369be7a5c5eb2be664,900,00065.jpg,False,H-G1,0.45710593461990356,alex,True,gsw_strict_intrinsic,G:\wl3dgs\3dgs_runs\two_scene_strict_screening_20260701\screening\H\H-G1\self_Steam_Locomotive\test\ours_30000_strict_intrinsic,21.01109504699707,00008.png,1.0,0.35349026322364807,0.0,2358e91a8ec72b5322cc4a324cae78378d321a232cf2e9ef6538ff4ea6adfe3a,0.2603159248828888,1,H,self_Steam_Locomotive,0.7123734951019287,1600
True,True,fb3ac462e0665b68cb5cfa7edc1c0ff5c394cab5aab29623113a63905c467567,900,00073.jpg,False,H-G1,0.5077064633369446,alex,True,gsw_strict_intrinsic,G:\wl3dgs\3dgs_runs\two_scene_strict_screening_20260701\screening\H\H-G1\self_Steam_Locomotive\test\ours_30000_strict_intrinsic,21.1978702545166,00009.png,1.0,0.2607167661190033,0.0,6860bfc55ff7cd51e85baef25d15ae8ef26bfe8c31e427ac084df21698809878,0.15187567472457886,1,H,self_Steam_Locomotive,0.6910941004753113,1600
True,True,4c46b7c82b8a9cb695b7d6cfeade5a78bd4616e33da57c41dbeea0c1290ddf79,900,00001.jpg,False,H-O2,0.41228583455085754,alex,True,official_3dgs,G:\wl3dgs\3dgs_runs\two_scene_strict_screening_20260701\screening\H\H-O2\self_Steam_Locomotive\test\ours_30000,17.74882698059082,00000.png,1.0,0.42759326100349426,0.0117647061124444,ad57026167c92f34395376d1f0d1d9af0db1b8aeac6e849ca987642e842c15ef,0.2278601974248886,2,H,self_Steam_Locomotive,0.6015359163284302,1600
True,True,2d09ad6d9128b11964d3db3c44ca3fbe4922c4dbad5efa5669c4d31e54c2e202,900,00009.jpg,False,H-O2,0.3238062262535095,alex,True,official_3dgs,G:\wl3dgs\3dgs_runs\two_scene_strict_screening_20260701\screening\H\H-O2\self_Steam_Locomotive\test\ours_30000,19.267257690429688,00001.png,1.0,0.3782911002635956,0.0117647061124444,cb2b15805ce6e01b3f31bb5522054afb3972393c66eb1925f7a46c43f9500d06,0.20757648348808289,2,H,self_Steam_Locomotive,0.6012699007987976,1600
True,True,cb4c8e2d4e54cc7b622f5bba5415e475cf3877648241a5b46239c14218a9606e,900,00017.jpg,False,H-O2,0.35928991436958313,alex,True,official_3dgs,G:\wl3dgs\3dgs_runs\two_scene_strict_screening_20260701\screening\H\H-O2\self_Steam_Locomotive\test\ours_30000,19.870582580566406,00002.png,1.0,0.4041832983493805,0.0117647061124444,860c421bffc172ced58f787f20e78da3472229d1a3fdf8ec6a13894a01683b1f,0.19959917664527893,2,H,self_Steam_Locomotive,0.6044744849205017,1600
True,True,f3cf01ace3b42a43b4b145598b005408312793fb62c8a0f6a9e79cfb0cda8a58,900,00025.jpg,False,H-O2,0.36407583951950073,alex,True,official_3dgs,G:\wl3dgs\3dgs_runs\two_scene_strict_screening_20260701\screening\H\H-O2\self_Steam_Locomotive\test\ours_30000,20.02291488647461,00003.png,1.0,0.5102524161338806,0.0235294122248888,9d838c38b3f1ac186f083e4128b2e71781389ebd244ecf5da11ec315ac895c40,0.2282431274652481,2,H,self_Steam_Locomotive,0.6805983781814575,1600
True,True,3ceaa7a293ef42d110aee7e400f69f865a3989e3e205d0b5231528acb0722a38,900,00033.jpg,False,H-O2,0.17998763918876648,alex,True,official_3dgs,G:\wl3dgs\3dgs_runs\two_scene_strict_screening_20260701\screening\H\H-O2\self_Steam_Locomotive\test\ours_30000,22.45128631591797,00004.png,1.0,0.3573376536369324,0.007843137718737125,116b93e16d9f6043db183630020b130fd230500d3d946bd526721ebbc579513f,0.2516171932220459,2,H,self_Steam_Locomotive,0.7591707110404968,1600
True,True,4c3f2d95084f1a287cc1853a91f8f54a909ce732fec0670b11d368e582db51f8,900,00041.jpg,False,H-O2,0.231798455119133,alex,True,official_3dgs,G:\wl3dgs\3dgs_runs\two_scene_strict_screening_20260701\screening\H\H-O2\self_Steam_Locomotive\test\ours_30000,21.036718368530273,00005.png,1.0,0.41851747035980225,0.0,0ed9f3dbd3711558b1696a911b2fd5bb5f21362b821c782cb8d5a8d07266230e,0.289299339056015,2,H,self_Steam_Locomotive,0.6823406219482422,1600
True,True,923e775589226ceb83ab9393ea2b810d9d51a72d79bec150132a496de5a9f797,900,00049.jpg,False,H-O2,0.2889898419380188,alex,True,official_3dgs,G:\wl3dgs\3dgs_runs\two_scene_strict_screening_20260701\screening\H\H-O2\self_Steam_Locomotive\test\ours_30000,21.46661949157715,00006.png,1.0,0.27831533551216125,0.003921568859368563,1abea0ba29a2a09b81252f4ffdf6a3b92d2390502b0c57a100996586760b72aa,0.21211881935596466,2,H,self_Steam_Locomotive,0.6519470810890198,1600
True,True,ccbbfb6e891234660bf36d69c20c7d0ce6017454509315fba77f54b1681d80b7,900,00057.jpg,False,H-O2,0.27186697721481323,alex,True,official_3dgs,G:\wl3dgs\3dgs_runs\two_scene_strict_screening_20260701\screening\H\H-O2\self_Steam_Locomotive\test\ours_30000,22.795650482177734,00007.png,1.0,0.42853501439094543,0.0117647061124444,4b2c3df74aa6a8bfc3061bdacda54f16031e5a87d12c51c7e63091eb1569f8c3,0.27607083320617676,2,H,self_Steam_Locomotive,0.719252347946167,1600
True,True,d5957db71a188c01528b45ab0627d5c66159aff4082203369be7a5c5eb2be664,900,00065.jpg,False,H-O2,0.27435797452926636,alex,True,official_3dgs,G:\wl3dgs\3dgs_runs\two_scene_strict_screening_20260701\screening\H\H-O2\self_Steam_Locomotive\test\ours_30000,22.15923309326172,00008.png,1.0,0.35307577252388,0.007843137718737125,eca588671c360c85a3655b131c9445bfb7314eb3bbf9ca8ca477cced08c34584,0.2601577937602997,2,H,self_Steam_Locomotive,0.7370023727416992,1600
True,True,fb3ac462e0665b68cb5cfa7edc1c0ff5c394cab5aab29623113a63905c467567,900,00073.jpg,False,H-O2,0.30235573649406433,alex,True,official_3dgs,G:\wl3dgs\3dgs_runs\two_scene_strict_screening_20260701\screening\H\H-O2\self_Steam_Locomotive\test\ours_30000,20.265460968017578,00009.png,1.0,0.27634748816490173,0.0117647061124444,8352ec4be623305d9c15aecf2c3e8ce659e586cb41afb5464131b47c788721ef,0.15956640243530273,2,H,self_Steam_Locomotive,0.671856701374054,1600
True,True,4c46b7c82b8a9cb695b7d6cfeade5a78bd4616e33da57c41dbeea0c1290ddf79,900,00001.jpg,False,H-G2,0.5922814607620239,alex,True,gsw_strict_intrinsic,G:\wl3dgs\3dgs_runs\two_scene_strict_screening_20260701\screening\H\H-G2\self_Steam_Locomotive\test\ours_30000_strict_intrinsic,16.968185424804688,00000.png,1.0,0.4282350540161133,0.0,804af9a6d2162bab19b7ae8ad07ad08d5b078fe9464e3134c1c1e312960f8f3f,0.24931935966014862,2,H,self_Steam_Locomotive,0.5668628215789795,1600
True,True,2d09ad6d9128b11964d3db3c44ca3fbe4922c4dbad5efa5669c4d31e54c2e202,900,00009.jpg,False,H-G2,0.5318036675453186,alex,True,gsw_strict_intrinsic,G:\wl3dgs\3dgs_runs\two_scene_strict_screening_20260701\screening\H\H-G2\self_Steam_Locomotive\test\ours_30000_strict_intrinsic,18.733522415161133,00001.png,1.0,0.3391246795654297,0.0,a332031d732c70e6ac44e6cfa08e73d8aeefb36692a45198f96b005c87969ac2,0.19103752076625824,2,H,self_Steam_Locomotive,0.5998408794403076,1600
True,True,cb4c8e2d4e54cc7b622f5bba5415e475cf3877648241a5b46239c14218a9606e,900,00017.jpg,False,H-G2,0.5686827301979065,alex,True,gsw_strict_intrinsic,G:\wl3dgs\3dgs_runs\two_scene_strict_screening_20260701\screening\H\H-G2\self_Steam_Locomotive\test\ours_30000_strict_intrinsic,19.04236602783203,00002.png,1.0,0.37848177552223206,0.0,8e14ddd013984a9fd06fd5f26593b1e21c39564a5657b9d06d9ab8cfc6aaa5b7,0.19245487451553345,2,H,self_Steam_Locomotive,0.5733548402786255,1600
True,True,f3cf01ace3b42a43b4b145598b005408312793fb62c8a0f6a9e79cfb0cda8a58,900,00025.jpg,False,H-G2,0.49814051389694214,alex,True,gsw_strict_intrinsic,G:\wl3dgs\3dgs_runs\two_scene_strict_screening_20260701\screening\H\H-G2\self_Steam_Locomotive\test\ours_30000_strict_intrinsic,20.48202133178711,00003.png,1.0,0.4898443818092346,0.0,c6c382cc0ab65305f0974915d7a1cf24775045a2fc1dd3df420e87c5947ebeb0,0.22692729532718658,2,H,self_Steam_Locomotive,0.6699187159538269,1600
True,True,3ceaa7a293ef42d110aee7e400f69f865a3989e3e205d0b5231528acb0722a38,900,00033.jpg,False,H-G2,0.400393545627594,alex,True,gsw_strict_intrinsic,G:\wl3dgs\3dgs_runs\two_scene_strict_screening_20260701\screening\H\H-G2\self_Steam_Locomotive\test\ours_30000_strict_intrinsic,20.296077728271484,00004.png,1.0,0.36184433102607727,0.0,c5720ca5325925636694b6fc064d19f6ce2e488a704691c2208fcbad391cbd33,0.26069772243499756,2,H,self_Steam_Locomotive,0.7039161920547485,1600
True,True,4c3f2d95084f1a287cc1853a91f8f54a909ce732fec0670b11d368e582db51f8,900,00041.jpg,False,H-G2,0.4441484212875366,alex,True,gsw_strict_intrinsic,G:\wl3dgs\3dgs_runs\two_scene_strict_screening_20260701\screening\H\H-G2\self_Steam_Locomotive\test\ours_30000_strict_intrinsic,20.292293548583984,00005.png,1.0,0.4039483070373535,0.0,b1bc078d8da56bd2cfb06ea6a2a68f03c74d9098193e3a266ca295770d6069d4,0.2804470956325531,2,H,self_Steam_Locomotive,0.6780216693878174,1600
True,True,923e775589226ceb83ab9393ea2b810d9d51a72d79bec150132a496de5a9f797,900,00049.jpg,False,H-G2,0.5093637704849243,alex,True,gsw_strict_intrinsic,G:\wl3dgs\3dgs_runs\two_scene_strict_screening_20260701\screening\H\H-G2\self_Steam_Locomotive\test\ours_30000_strict_intrinsic,20.668560028076172,00006.png,1.0,0.2736540734767914,0.0,2f38a661a74572a0902dea7b3b860310ea1aa5442605706993a74a2638cf1de2,0.2062382996082306,2,H,self_Steam_Locomotive,0.6358247399330139,1600
True,True,ccbbfb6e891234660bf36d69c20c7d0ce6017454509315fba77f54b1681d80b7,900,00057.jpg,False,H-G2,0.4913461208343506,alex,True,gsw_strict_intrinsic,G:\wl3dgs\3dgs_runs\two_scene_strict_screening_20260701\screening\H\H-G2\self_Steam_Locomotive\test\ours_30000_strict_intrinsic,21.4326114654541,00007.png,1.0,0.41903021931648254,0.0,d65f204c26d4ce6ce43bef93e3e71891500f57abd093cfa721ec4bada56de1a3,0.27893683314323425,2,H,self_Steam_Locomotive,0.6835774779319763,1600
True,True,d5957db71a188c01528b45ab0627d5c66159aff4082203369be7a5c5eb2be664,900,00065.jpg,False,H-G2,0.45679134130477905,alex,True,gsw_strict_intrinsic,G:\wl3dgs\3dgs_runs\two_scene_strict_screening_20260701\screening\H\H-G2\self_Steam_Locomotive\test\ours_30000_strict_intrinsic,20.96733283996582,00008.png,1.0,0.35770469903945923,0.0,4a724c48fc6612d2d4312ecb6fe970602a54185e9464bf463708ee0bd6a18852,0.2597443163394928,2,H,self_Steam_Locomotive,0.7101748585700989,1600
True,True,fb3ac462e0665b68cb5cfa7edc1c0ff5c394cab5aab29623113a63905c467567,900,00073.jpg,False,H-G2,0.5094259977340698,alex,True,gsw_strict_intrinsic,G:\wl3dgs\3dgs_runs\two_scene_strict_screening_20260701\screening\H\H-G2\self_Steam_Locomotive\test\ours_30000_strict_intrinsic,20.594501495361328,00009.png,1.0,0.27366283535957336,0.0,f9a102c4acccdd700e99ac3eebfac1d7be71bfd69202e49b69c0896a02f7e01d,0.1638197898864746,2,H,self_Steam_Locomotive,0.6856039762496948,1600
True,True,633a5406bcf296139e36bd9f8f5c64a58a8eb444c1b3b875b0cca441417ffc2b,1060,IMG_6283.TIF,False,M-O1,0.4481620192527771,alex,True,official_3dgs,G:\wl3dgs\3dgs_runs\two_scene_strict_screening_20260701\screening\M\M-O1\web_Terrestrial\test\ours_30000,15.138078689575195,00000.png,1.0,0.46309611201286316,0.003921568859368563,e3f647143a7a1c80873e7d908b7028c634313f0bccd47781f3b499d6f56aa922,0.14240291714668274,1,M,web_Terrestrial,0.6508325934410095,1600
True,True,5ee251c5e52d213ebdf8d7ee05eb39f3dbc4593a5b248734c8907551f93dc1a1,1060,IMG_6299.TIF,False,M-O1,0.1614891141653061,alex,True,official_3dgs,G:\wl3dgs\3dgs_runs\two_scene_strict_screening_20260701\screening\M\M-O1\web_Terrestrial\test\ours_30000,23.85317039489746,00001.png,1.0,0.30952930450439453,0.0,809b30d2719a688f115a267b44a2a27d1bd61f21fce591fc54e2a917bd989b6b,0.15976256132125854,1,M,web_Terrestrial,0.8813976049423218,1600
True,True,19f517392bf7f7d59f2d891bb3c664e3c83595f00915254db11fdd1e5d07c85e,1060,IMG_6315.TIF,False,M-O1,0.17114408314228058,alex,True,official_3dgs,G:\wl3dgs\3dgs_runs\two_scene_strict_screening_20260701\screening\M\M-O1\web_Terrestrial\test\ours_30000,22.89879608154297,00002.png,0.9921568632125854,0.33435937762260437,0.0,591452d9d9855558d668b8f587a056deaa5e27236ed928a5400c8ce3f7130460,0.1619722694158554,1,M,web_Terrestrial,0.821894109249115,1600
True,True,3f39736867e01b82dca25899168a85e79ca6f03893f9ecdb0872bbaf003791ec,1060,IMG_6977.TIF,False,M-O1,0.1360182762145996,alex,True,official_3dgs,G:\wl3dgs\3dgs_runs\two_scene_strict_screening_20260701\screening\M\M-O1\web_Terrestrial\test\ours_30000,26.830692291259766,00003.png,1.0,0.3095678985118866,0.007843137718737125,c7c36630859ce4536a789b399fdc442c9494739c8b40ebf7145510588c56760f,0.14214728772640228,1,M,web_Terrestrial,0.9201477766036987,1600
True,True,8fdedeec2820b22aff16043a7d3aa45a09155b701b5a1429e672bc0080672186,1060,IMG_6993.TIF,False,M-O1,0.09555415064096451,alex,True,official_3dgs,G:\wl3dgs\3dgs_runs\two_scene_strict_screening_20260701\screening\M\M-O1\web_Terrestrial\test\ours_30000,26.680927276611328,00004.png,0.9372549057006836,0.37394315004348755,0.007843137718737125,402d0306984d30381febb6bc5db227ac737fd85b80e1ee94174091794f2c2c3f,0.16999684274196625,1,M,web_Terrestrial,0.9228612184524536,1600
True,True,07a94133de21296c503891d9ca5d56a87ff0c3ddb6b0060e9e647a990c56a971,1060,IMG_7009.TIF,False,M-O1,0.10179587453603745,alex,True,official_3dgs,G:\wl3dgs\3dgs_runs\two_scene_strict_screening_20260701\screening\M\M-O1\web_Terrestrial\test\ours_30000,30.17930030822754,00005.png,0.9647058844566345,0.3428240716457367,0.0,4122c79f97b369b8514826a70eab8a9c3aeb348c8c0f6592d279b62ce7b94591,0.15113507211208344,1,M,web_Terrestrial,0.9384490847587585,1600
True,True,39ee4ae67dec0c3f8613b4271cfb35e00c51e02f4eb04b4b17209b24cd7f61fa,1060,IMG_7025.TIF,False,M-O1,0.1814931184053421,alex,True,official_3dgs,G:\wl3dgs\3dgs_runs\two_scene_strict_screening_20260701\screening\M\M-O1\web_Terrestrial\test\ours_30000,17.962303161621094,00006.png,1.0,0.2918260991573334,0.0,30a63c30cfbff0a3b61152f1e8b8166b5944085c5b0297c68fc166f5eeebcff9,0.16786770522594452,1,M,web_Terrestrial,0.8455866575241089,1600
True,True,b7a5121927d7cfd006ded8e492a74d19b8ce72cf37c441a0848d81dfda481e23,1060,IMG_7041.TIF,False,M-O1,0.13024954497814178,alex,True,official_3dgs,G:\wl3dgs\3dgs_runs\two_scene_strict_screening_20260701\screening\M\M-O1\web_Terrestrial\test\ours_30000,28.571636199951172,00007.png,0.9019607901573181,0.2871374785900116,0.003921568859368563,f5923c4a1cd36ac4942d21b6ae5b968d5996462e7ef6e4f3f775c5b35ee1304e,0.15196417272090912,1,M,web_Terrestrial,0.931894063949585,1600
True,True,8b445fc977d4011006a222a5d3827de0e41b33d26ee3d3e8fba5f51ae83db0b5,1018,_DSC1595.JPG,False,M-O1,0.5079489350318909,alex,True,official_3dgs,G:\wl3dgs\3dgs_runs\two_scene_strict_screening_20260701\screening\M\M-O1\web_Terrestrial\test\ours_30000,20.88967514038086,00008.png,1.0,0.3684326112270355,0.0,45b3feb80e5c9943d74ce02a46d74ad76ef9a433f2bb2a5ce459a898d672cfe6,0.1925005316734314,1,M,web_Terrestrial,0.7271168828010559,1600
True,True,a033a52180c0bfbeda0eb6befe982963f048e07d2236c3c5bf5bf8881e4e19be,1018,_DSC1603.JPG,False,M-O1,0.540447473526001,alex,True,official_3dgs,G:\wl3dgs\3dgs_runs\two_scene_strict_screening_20260701\screening\M\M-O1\web_Terrestrial\test\ours_30000,20.317157745361328,00009.png,1.0,0.38829946517944336,0.007843137718737125,f4430135b55af2651056a0e5a33749104bbc54c7af81e9b2a8c7e532d1e60b8d,0.17036455869674683,1,M,web_Terrestrial,0.7448111176490784,1600
True,True,adae8feeae95e2e7aa807615c17c5d2773acee3efb58670111760aa4512e8a0b,1018,_DSC1611.JPG,False,M-O1,0.6264294981956482,alex,True,official_3dgs,G:\wl3dgs\3dgs_runs\two_scene_strict_screening_20260701\screening\M\M-O1\web_Terrestrial\test\ours_30000,16.36193084716797,00010.png,1.0,0.3778878152370453,0.05098039284348488,e4872f0bafd648d829ae01df1227fe8e21673e65d8959cabb3eede21fd49de9c,0.16528889536857605,1,M,web_Terrestrial,0.7456039190292358,1600
True,True,879f092227d450c930cf5c48b3fbcfd075470fb11871cca141b77953cd220feb,1018,_DSC1619.JPG,False,M-O1,0.6671487092971802,alex,True,official_3dgs,G:\wl3dgs\3dgs_runs\two_scene_strict_screening_20260701\screening\M\M-O1\web_Terrestrial\test\ours_30000,14.459976196289062,00011.png,1.0,0.3818931579589844,0.003921568859368563,ad43d69af45c9c142377b9d53ad79062ad0ccb5d7b881855f4e73de343ec6c6b,0.16658419370651245,1,M,web_Terrestrial,0.6270333528518677,1600
True,True,be1590f6213ea796fa1425edf6af4d26e039c2a78e7ddb51f96a7fa979b6fcc1,1018,_DSC1627.JPG,False,M-O1,0.4423040449619293,alex,True,official_3dgs,G:\wl3dgs\3dgs_runs\two_scene_strict_screening_20260701\screening\M\M-O1\web_Terrestrial\test\ours_30000,19.433609008789062,00012.png,1.0,0.47684210538864136,0.0,57ecb164af0cbfd8025979fe1d4e7892a86706f0f9e7a8b22087dd2ed45672eb,0.15970182418823242,1,M,web_Terrestrial,0.7142014503479004,1600
True,True,b7aaa5b607d55381923874cd3fec749a2ae88a8efc1ca0a3d1af4e150d4210cb,1018,_DSC1635.JPG,False,M-O1,0.7130513191223145,alex,True,official_3dgs,G:\wl3dgs\3dgs_runs\two_scene_strict_screening_20260701\screening\M\M-O1\web_Terrestrial\test\ours_30000,15.335519790649414,00013.png,1.0,0.3956453502178192,0.0,db58ce6f370de7c850275ed1b574ee8af4afcfb46a2cb84ef3c8447904fa3a03,0.1830081194639206,1,M,web_Terrestrial,0.6903581023216248,1600
True,True,a900504a73530fbfb50f07605c944f9db3f5ceba652ea691a8162126c93d79da,1018,_DSC1643.JPG,False,M-O1,0.4929519295692444,alex,True,official_3dgs,G:\wl3dgs\3dgs_runs\two_scene_strict_screening_20260701\screening\M\M-O1\web_Terrestrial\test\ours_30000,17.14312744140625,00014.png,0.9843137264251709,0.4574422240257263,0.003921568859368563,605d622231b358d0a3abc1ac4e3bd3af4c9dd7b84b29e216f75a7cfa53045c3c,0.18987637758255005,1,M,web_Terrestrial,0.7205995917320251,1600
True,True,79338bfa8fb6f4ece195a1323dcf64c185613fe0c4ce2d9d6c26650e444f290a,1018,_DSC1651.JPG,False,M-O1,0.49078938364982605,alex,True,official_3dgs,G:\wl3dgs\3dgs_runs\two_scene_strict_screening_20260701\screening\M\M-O1\web_Terrestrial\test\ours_30000,20.306129455566406,00015.png,1.0,0.40575432777404785,0.003921568859368563,062b32bbe05d08f8029817b474749e12404cfff830b65d51914c056a33b0c689,0.18756118416786194,1,M,web_Terrestrial,0.7787023186683655,1600
True,True,1d6fdf0ab99c2d288edb62247f3fbe986292c370c9065e29f37dbb60820c39e5,1018,_DSC1659.JPG,False,M-O1,0.5229410529136658,alex,True,official_3dgs,G:\wl3dgs\3dgs_runs\two_scene_strict_screening_20260701\screening\M\M-O1\web_Terrestrial\test\ours_30000,22.510189056396484,00016.png,0.9098039269447327,0.4179574251174927,0.0313725508749485,77290e4de058a86e8b238ceeabc934edfb0944893b691f3ea6e4a31594394514,0.16970495879650116,1,M,web_Terrestrial,0.8014969229698181,1600
True,True,7b40d3c2622b8c483df38c0aa14ffba094bdcf7d8df88eee872be38018d3c7f9,1050,_DSC5568_1.JPG,False,M-O1,0.3353061079978943,alex,True,official_3dgs,G:\wl3dgs\3dgs_runs\two_scene_strict_screening_20260701\screening\M\M-O1\web_Terrestrial\test\ours_30000,19.146217346191406,00017.png,1.0,0.5265695452690125,0.007843137718737125,d6d12bbd6962d95eefd2415b07fd8fd7e22115df31d4d8c1cb03e7b062b7521e,0.21994458138942719,1,M,web_Terrestrial,0.8009135723114014,1600
True,True,14e8c7e9bac4dd95fa2bf8361eb01264bc035176a6db02cda2b17981a8713853,1050,_DSC5576_1.JPG,False,M-O1,0.3568750023841858,alex,True,official_3dgs,G:\wl3dgs\3dgs_runs\two_scene_strict_screening_20260701\screening\M\M-O1\web_Terrestrial\test\ours_30000,21.02023696899414,00018.png,1.0,0.53670334815979,0.019607843831181526,c6e512b25450f31f97e9a842797db81b66bad19618c65138e3292743ff63757f,0.21633274853229523,1,M,web_Terrestrial,0.8070882558822632,1600
True,True,14cdec53bf1b509f78bf1544ce873efd2721934562b306ae0197aee1bff8c626,1050,_DSC5591_1.JPG,False,M-O1,0.626379668712616,alex,True,official_3dgs,G:\wl3dgs\3dgs_runs\two_scene_strict_screening_20260701\screening\M\M-O1\web_Terrestrial\test\ours_30000,19.46661376953125,00019.png,0.9215686321258545,0.4949413239955902,0.05098039284348488,74b4c9c84ad3bf04c13e910e5f39e657a887f4f2569d7ced834eb46bbc072605,0.14347732067108154,1,M,web_Terrestrial,0.6447951793670654,1600
True,True,5261cf2c98db0d3ac8e84a03f501503851ef6e4c5d97c35b6e10705dfc82567d,1050,_DSC5599_1.JPG,False,M-O1,0.6682382822036743,alex,True,official_3dgs,G:\wl3dgs\3dgs_runs\two_scene_strict_screening_20260701\screening\M\M-O1\web_Terrestrial\test\ours_30000,21.359416961669922,00020.png,1.0,0.5073851943016052,0.003921568859368563,361f0a543126c2dea6f9b1a2f0cbaf264c1220e83e2921b68ee16882b781d98d,0.16406060755252838,1,M,web_Terrestrial,0.626705527305603,1600
True,True,068c221bc9cde96572e025d9d49823a3527bd70e40cdc2b39f5ed13221bb744a,1050,_DSC5607_1.JPG,False,M-O1,0.6410589814186096,alex,True,official_3dgs,G:\wl3dgs\3dgs_runs\two_scene_strict_screening_20260701\screening\M\M-O1\web_Terrestrial\test\ours_30000,20.25439453125,00021.png,0.929411768913269,0.4647590219974518,0.03529411926865578,8e2ba6b0eb255bf9445ffaf340c509bf89ed887e9efb62db68e6b0d379bfaa6d,0.17387282848358154,1,M,web_Terrestrial,0.6428118348121643,1600
True,True,c2cd98dd58b0b1fb794dbbb356d6b49f8e1a5fb0a673c0b8b0f77ac991da3d59,1050,_DSC5617_1.JPG,False,M-O1,0.44498685002326965,alex,True,official_3dgs,G:\wl3dgs\3dgs_runs\two_scene_strict_screening_20260701\screening\M\M-O1\web_Terrestrial\test\ours_30000,17.88654136657715,00022.png,0.9843137264251709,0.5168236494064331,0.01568627543747425,448e90fb6aba4fd722a9e524599ed6918e73b118816074044c1b244f35277aa8,0.19201461970806122,1,M,web_Terrestrial,0.7287651896476746,1600
True,True,82be7fcbcc46da46d0c04a210d96c5819259fa3b61bdba72c49a49e9dfa27331,1050,_DSC5627.JPG,False,M-O1,0.41393041610717773,alex,True,official_3dgs,G:\wl3dgs\3dgs_runs\two_scene_strict_screening_20260701\screening\M\M-O1\web_Terrestrial\test\ours_30000,16.383312225341797,00023.png,1.0,0.4418540298938751,0.007843137718737125,79c39d368db97ab214ffe6d89cb1c494822f7507afdd9be32cdc4de95c715ea2,0.22868727147579193,1,M,web_Terrestrial,0.6828136444091797,1600
True,True,633a5406bcf296139e36bd9f8f5c64a58a8eb444c1b3b875b0cca441417ffc2b,1060,IMG_6283.TIF,False,M-G1,0.6451998949050903,alex,True,gsw_strict_intrinsic,G:\wl3dgs\3dgs_runs\two_scene_strict_screening_20260701\screening\M\M-G1\web_Terrestrial\test\ours_30000_strict_intrinsic,9.29501724243164,00000.png,0.8117647171020508,0.6631929874420166,0.47058823704719543,289b82d976f257d5ed67975683bea0f77f623bcfd50f60b236196de1aad0afc8,0.05381481721997261,1,M,web_Terrestrial,0.46142053604125977,1600
True,True,5ee251c5e52d213ebdf8d7ee05eb39f3dbc4593a5b248734c8907551f93dc1a1,1060,IMG_6299.TIF,False,M-G1,0.26646196842193604,alex,True,gsw_strict_intrinsic,G:\wl3dgs\3dgs_runs\two_scene_strict_screening_20260701\screening\M\M-G1\web_Terrestrial\test\ours_30000_strict_intrinsic,24.812389373779297,00001.png,0.9333333373069763,0.3056575655937195,0.0,5fdafeda49befdbba1545d3789c1990ef40c11a0b7a7e7c142c53f01884f77f6,0.14319120347499847,1,M,web_Terrestrial,0.8472305536270142,1600
True,True,19f517392bf7f7d59f2d891bb3c664e3c83595f00915254db11fdd1e5d07c85e,1060,IMG_6315.TIF,False,M-G1,0.27260318398475647,alex,True,gsw_strict_intrinsic,G:\wl3dgs\3dgs_runs\two_scene_strict_screening_20260701\screening\M\M-G1\web_Terrestrial\test\ours_30000_strict_intrinsic,22.405481338500977,00002.png,0.95686274766922,0.30671969056129456,0.0,da2986ea7f25b6f662101940c42a7661bb86bd02ea0c1bc45e25017683d75f0c,0.14326225221157074,1,M,web_Terrestrial,0.7708669900894165,1600
True,True,3f39736867e01b82dca25899168a85e79ca6f03893f9ecdb0872bbaf003791ec,1060,IMG_6977.TIF,False,M-G1,0.29251572489738464,alex,True,gsw_strict_intrinsic,G:\wl3dgs\3dgs_runs\two_scene_strict_screening_20260701\screening\M\M-G1\web_Terrestrial\test\ours_30000_strict_intrinsic,25.602527618408203,00003.png,0.9450980424880981,0.31521812081336975,0.0,3bd1999116c8702b6f3a7d21ae9355c9ae9fff06a041f42a14a096f2add9b79c,0.14629876613616943,1,M,web_Terrestrial,0.8748030662536621,1600
True,True,8fdedeec2820b22aff16043a7d3aa45a09155b701b5a1429e672bc0080672186,1060,IMG_6993.TIF,False,M-G1,0.1907975673675537,alex,True,gsw_strict_intrinsic,G:\wl3dgs\3dgs_runs\two_scene_strict_screening_20260701\screening\M\M-G1\web_Terrestrial\test\ours_30000_strict_intrinsic,24.814899444580078,00004.png,0.8392156958580017,0.3584287166595459,0.0,9278dd42fa84ecdc987ea98d3dd5fa6d23ed18a09b8a147c817e5916aeda824f,0.1541268527507782,1,M,web_Terrestrial,0.8692474365234375,1600
True,True,07a94133de21296c503891d9ca5d56a87ff0c3ddb6b0060e9e647a990c56a971,1060,IMG_7009.TIF,False,M-G1,0.19651862978935242,alex,True,gsw_strict_intrinsic,G:\wl3dgs\3dgs_runs\two_scene_strict_screening_20260701\screening\M\M-G1\web_Terrestrial\test\ours_30000_strict_intrinsic,25.71847915649414,00005.png,0.9764705896377563,0.33322128653526306,0.0,e96d38ccab8a63ad34836a26189654dc1ca8fce5ca017860293e6f7976ddfef0,0.14724205434322357,1,M,web_Terrestrial,0.8875395059585571,1600
True,True,39ee4ae67dec0c3f8613b4271cfb35e00c51e02f4eb04b4b17209b24cd7f61fa,1060,IMG_7025.TIF,False,M-G1,0.2807725965976715,alex,True,gsw_strict_intrinsic,G:\wl3dgs\3dgs_runs\two_scene_strict_screening_20260701\screening\M\M-G1\web_Terrestrial\test\ours_30000_strict_intrinsic,22.35029411315918,00006.png,0.9843137264251709,0.2814951241016388,0.0,19ed00c457da073efa56353c6dbe9af24f4a7dbe6a9450cd5fe94ec0284e2323,0.13569490611553192,1,M,web_Terrestrial,0.8161194920539856,1600
True,True,b7a5121927d7cfd006ded8e492a74d19b8ce72cf37c441a0848d81dfda481e23,1060,IMG_7041.TIF,False,M-G1,0.29417285323143005,alex,True,gsw_strict_intrinsic,G:\wl3dgs\3dgs_runs\two_scene_strict_screening_20260701\screening\M\M-G1\web_Terrestrial\test\ours_30000_strict_intrinsic,24.705821990966797,00007.png,0.843137264251709,0.28442177176475525,0.003921568859368563,06c4ebc802ebfee108121b501a88d9895bd4b7ffa979bc9b0b409f4576af3eff,0.13539133965969086,1,M,web_Terrestrial,0.8597853779792786,1600
True,True,8b445fc977d4011006a222a5d3827de0e41b33d26ee3d3e8fba5f51ae83db0b5,1018,_DSC1595.JPG,False,M-G1,0.5971460938453674,alex,True,gsw_strict_intrinsic,G:\wl3dgs\3dgs_runs\two_scene_strict_screening_20260701\screening\M\M-G1\web_Terrestrial\test\ours_30000_strict_intrinsic,20.844772338867188,00008.png,0.9098039269447327,0.3805612325668335,0.0,4fe2c5fc57adb25bf55813fbfc7b63199c215096055d319c6ed7837ba55e100e,0.17860445380210876,1,M,web_Terrestrial,0.7174142003059387,1600
True,True,a033a52180c0bfbeda0eb6befe982963f048e07d2236c3c5bf5bf8881e4e19be,1018,_DSC1603.JPG,False,M-G1,0.635138213634491,alex,True,gsw_strict_intrinsic,G:\wl3dgs\3dgs_runs\two_scene_strict_screening_20260701\screening\M\M-G1\web_Terrestrial\test\ours_30000_strict_intrinsic,20.2725772857666,00009.png,0.929411768913269,0.35008302330970764,0.0117647061124444,3c520d9566dc031c21195feb7e8cb34b779ac1452cc319e14efc512b7074c5d0,0.14059235155582428,1,M,web_Terrestrial,0.7459712624549866,1600
True,True,adae8feeae95e2e7aa807615c17c5d2773acee3efb58670111760aa4512e8a0b,1018,_DSC1611.JPG,False,M-G1,0.6972514986991882,alex,True,gsw_strict_intrinsic,G:\wl3dgs\3dgs_runs\two_scene_strict_screening_20260701\screening\M\M-G1\web_Terrestrial\test\ours_30000_strict_intrinsic,15.388753890991211,00010.png,1.0,0.39341863989830017,0.0,74ee0e5995a4cb786ef70b887ea5f4b7cdbf7ef1660cfa0445986cbb1d3558bd,0.15574602782726288,1,M,web_Terrestrial,0.754056990146637,1600
True,True,879f092227d450c930cf5c48b3fbcfd075470fb11871cca141b77953cd220feb,1018,_DSC1619.JPG,False,M-G1,0.7482744455337524,alex,True,gsw_strict_intrinsic,G:\wl3dgs\3dgs_runs\two_scene_strict_screening_20260701\screening\M\M-G1\web_Terrestrial\test\ours_30000_strict_intrinsic,12.506756782531738,00011.png,1.0,0.2875896990299225,0.0,33a1551bbbd194b5ffd7d7bd67da21dbd1793c66d58adb5b67a78fa3e215f66c,0.1337680220603943,1,M,web_Terrestrial,0.6040431261062622,1600
True,True,be1590f6213ea796fa1425edf6af4d26e039c2a78e7ddb51f96a7fa979b6fcc1,1018,_DSC1627.JPG,False,M-G1,0.5433061718940735,alex,True,gsw_strict_intrinsic,G:\wl3dgs\3dgs_runs\two_scene_strict_screening_20260701\screening\M\M-G1\web_Terrestrial\test\ours_30000_strict_intrinsic,19.92306900024414,00012.png,1.0,0.47693246603012085,0.0,b779651104e092fc3a9cc4fd641373243757ed8b7a581d98cea31b7e3a22d43f,0.16770227253437042,1,M,web_Terrestrial,0.7123181819915771,1600
True,True,b7aaa5b607d55381923874cd3fec749a2ae88a8efc1ca0a3d1af4e150d4210cb,1018,_DSC1635.JPG,False,M-G1,0.7482245564460754,alex,True,gsw_strict_intrinsic,G:\wl3dgs\3dgs_runs\two_scene_strict_screening_20260701\screening\M\M-G1\web_Terrestrial\test\ours_30000_strict_intrinsic,15.86020278930664,00013.png,1.0,0.40425994992256165,0.0117647061124444,9e154498184ad6279c13a111ce77be1e8ea76e5bc3e7542fb734ba22b497bf5b,0.18175145983695984,1,M,web_Terrestrial,0.7249130010604858,1600
True,True,a900504a73530fbfb50f07605c944f9db3f5ceba652ea691a8162126c93d79da,1018,_DSC1643.JPG,False,M-G1,0.5240660905838013,alex,True,gsw_strict_intrinsic,G:\wl3dgs\3dgs_runs\two_scene_strict_screening_20260701\screening\M\M-G1\web_Terrestrial\test\ours_30000_strict_intrinsic,18.669498443603516,00014.png,0.9333333373069763,0.39926403760910034,0.0,a22b9d713ef54af77aa07810d931a573cef03a48dd5066621a71bf21c6513f50,0.1818026304244995,1,M,web_Terrestrial,0.7433826327323914,1600
True,True,79338bfa8fb6f4ece195a1323dcf64c185613fe0c4ce2d9d6c26650e444f290a,1018,_DSC1651.JPG,False,M-G1,0.6063129305839539,alex,True,gsw_strict_intrinsic,G:\wl3dgs\3dgs_runs\two_scene_strict_screening_20260701\screening\M\M-G1\web_Terrestrial\test\ours_30000_strict_intrinsic,17.522676467895508,00015.png,1.0,0.3537827134132385,0.0,e8ecf02ef4e64ca47aae902692fb6960a404ab4cced96789f564b8f6500df73d,0.1667904555797577,1,M,web_Terrestrial,0.7675049304962158,1600
True,True,1d6fdf0ab99c2d288edb62247f3fbe986292c370c9065e29f37dbb60820c39e5,1018,_DSC1659.JPG,False,M-G1,0.6288097500801086,alex,True,gsw_strict_intrinsic,G:\wl3dgs\3dgs_runs\two_scene_strict_screening_20260701\screening\M\M-G1\web_Terrestrial\test\ours_30000_strict_intrinsic,22.698640823364258,00016.png,0.7960784435272217,0.37476539611816406,0.0235294122248888,82be5af2c7c369ddd0e585620431078ee309ff2536be0c29166474256b6ed2e7,0.15989799797534943,1,M,web_Terrestrial,0.8111409544944763,1600
True,True,7b40d3c2622b8c483df38c0aa14ffba094bdcf7d8df88eee872be38018d3c7f9,1050,_DSC5568_1.JPG,False,M-G1,0.5091508030891418,alex,True,gsw_strict_intrinsic,G:\wl3dgs\3dgs_runs\two_scene_strict_screening_20260701\screening\M\M-G1\web_Terrestrial\test\ours_30000_strict_intrinsic,17.296520233154297,00017.png,0.9490196108818054,0.46439892053604126,0.01568627543747425,fbe68eaee314d4233f866bb40f7895bc249569ed010441d637ab4d5884a67682,0.18280747532844543,1,M,web_Terrestrial,0.7675440311431885,1600
True,True,14e8c7e9bac4dd95fa2bf8361eb01264bc035176a6db02cda2b17981a8713853,1050,_DSC5576_1.JPG,False,M-G1,0.5924623012542725,alex,True,gsw_strict_intrinsic,G:\wl3dgs\3dgs_runs\two_scene_strict_screening_20260701\screening\M\M-G1\web_Terrestrial\test\ours_30000_strict_intrinsic,18.257671356201172,00018.png,0.9529411792755127,0.4808061122894287,0.0235294122248888,7c28366e4e0e335448fad955cc78e4243e00b50e233551beb4ebb33ee4ab0126,0.2136879861354828,1,M,web_Terrestrial,0.7624510526657104,1600
True,True,14cdec53bf1b509f78bf1544ce873efd2721934562b306ae0197aee1bff8c626,1050,_DSC5591_1.JPG,False,M-G1,0.7222408056259155,alex,True,gsw_strict_intrinsic,G:\wl3dgs\3dgs_runs\two_scene_strict_screening_20260701\screening\M\M-G1\web_Terrestrial\test\ours_30000_strict_intrinsic,15.1701078414917,00019.png,0.9450980424880981,0.3996124863624573,0.0117647061124444,e3633d8fee707d8988cb21a67841d8f7d495a4a727d263751f069505381604d0,0.1781022548675537,1,M,web_Terrestrial,0.6023948788642883,1600
True,True,5261cf2c98db0d3ac8e84a03f501503851ef6e4c5d97c35b6e10705dfc82567d,1050,_DSC5599_1.JPG,False,M-G1,0.8292676210403442,alex,True,gsw_strict_intrinsic,G:\wl3dgs\3dgs_runs\two_scene_strict_screening_20260701\screening\M\M-G1\web_Terrestrial\test\ours_30000_strict_intrinsic,18.112634658813477,00020.png,0.9058823585510254,0.46339210867881775,0.003921568859368563,a5164d8af0f16fe79b8dec4454fb6d58bb3de1bd619c7a4495e35f628824c27d,0.15896204113960266,1,M,web_Terrestrial,0.5903035402297974,1600
True,True,068c221bc9cde96572e025d9d49823a3527bd70e40cdc2b39f5ed13221bb744a,1050,_DSC5607_1.JPG,False,M-G1,0.7557436227798462,alex,True,gsw_strict_intrinsic,G:\wl3dgs\3dgs_runs\two_scene_strict_screening_20260701\screening\M\M-G1\web_Terrestrial\test\ours_30000_strict_intrinsic,17.067296981811523,00021.png,0.9490196108818054,0.43119746446609497,0.0,41f0a66372b2799861afacce24d158d371005de7c87dc006caf2c11c44a236cb,0.1595408022403717,1,M,web_Terrestrial,0.5803799033164978,1600
True,True,c2cd98dd58b0b1fb794dbbb356d6b49f8e1a5fb0a673c0b8b0f77ac991da3d59,1050,_DSC5617_1.JPG,False,M-G1,0.6181662082672119,alex,True,gsw_strict_intrinsic,G:\wl3dgs\3dgs_runs\two_scene_strict_screening_20260701\screening\M\M-G1\web_Terrestrial\test\ours_30000_strict_intrinsic,12.793968200683594,00022.png,0.9450980424880981,0.41008198261260986,0.0,10e18399926b2fad6525ac5444fdc4bace4e40c841f10e7909332de86434e242,0.175035297870636,1,M,web_Terrestrial,0.6205161809921265,1600
True,True,82be7fcbcc46da46d0c04a210d96c5819259fa3b61bdba72c49a49e9dfa27331,1050,_DSC5627.JPG,False,M-G1,0.6359676718711853,alex,True,gsw_strict_intrinsic,G:\wl3dgs\3dgs_runs\two_scene_strict_screening_20260701\screening\M\M-G1\web_Terrestrial\test\ours_30000_strict_intrinsic,11.018331527709961,00023.png,0.9647058844566345,0.3333311378955841,0.0,61dd3101234014605160b17aa4c860b1ad972e0bbccc4ec2f8f8b5470549e7a6,0.19741563498973846,1,M,web_Terrestrial,0.5396856665611267,1600
True,True,633a5406bcf296139e36bd9f8f5c64a58a8eb444c1b3b875b0cca441417ffc2b,1060,IMG_6283.TIF,False,M-O2,0.16451123356819153,alex,True,official_3dgs,G:\wl3dgs\3dgs_runs\two_scene_strict_screening_20260701\screening\M\M-O2\web_Terrestrial\test\ours_30000,17.125734329223633,00000.png,1.0,0.41794291138648987,0.0,fcf8ac538f20c6f31d4c9d7a6484ef7952c0da235da4cc9d8ab1bc145a9c705d,0.19962483644485474,2,M,web_Terrestrial,0.827739953994751,1600
True,True,5ee251c5e52d213ebdf8d7ee05eb39f3dbc4593a5b248734c8907551f93dc1a1,1060,IMG_6299.TIF,False,M-O2,0.15411312878131866,alex,True,official_3dgs,G:\wl3dgs\3dgs_runs\two_scene_strict_screening_20260701\screening\M\M-O2\web_Terrestrial\test\ours_30000,24.136857986450195,00001.png,1.0,0.30838239192962646,0.0,88858eb6773093f3ac151060f327ab569f6d93b45e712d71171d51d6363ad6b7,0.1561463624238968,2,M,web_Terrestrial,0.8869950771331787,1600
True,True,19f517392bf7f7d59f2d891bb3c664e3c83595f00915254db11fdd1e5d07c85e,1060,IMG_6315.TIF,False,M-O2,0.16191039979457855,alex,True,official_3dgs,G:\wl3dgs\3dgs_runs\two_scene_strict_screening_20260701\screening\M\M-O2\web_Terrestrial\test\ours_30000,23.114126205444336,00002.png,1.0,0.3303007185459137,0.0,97dc4fdb6693528e0118f9964a5edb6de4ec1281c1852f2224029157ad425cbd,0.16078779101371765,2,M,web_Terrestrial,0.8157142996788025,1600
True,True,3f39736867e01b82dca25899168a85e79ca6f03893f9ecdb0872bbaf003791ec,1060,IMG_6977.TIF,False,M-O2,0.13723134994506836,alex,True,official_3dgs,G:\wl3dgs\3dgs_runs\two_scene_strict_screening_20260701\screening\M\M-O2\web_Terrestrial\test\ours_30000,26.677593231201172,00003.png,0.9647058844566345,0.3060115575790405,0.0117647061124444,7c4898e4ec2edf8fc51a297b2cdaced68091a6fdbebe9f66ab3cda0aa1acce36,0.13519927859306335,2,M,web_Terrestrial,0.9191918969154358,1600
True,True,8fdedeec2820b22aff16043a7d3aa45a09155b701b5a1429e672bc0080672186,1060,IMG_6993.TIF,False,M-O2,0.09772267937660217,alex,True,official_3dgs,G:\wl3dgs\3dgs_runs\two_scene_strict_screening_20260701\screening\M\M-O2\web_Terrestrial\test\ours_30000,25.709972381591797,00004.png,0.9843137264251709,0.3727479577064514,0.003921568859368563,13c8098389b52643c4eeea048524147eb08b1a18dbb38962988ee8d93e27a910,0.1655910313129425,2,M,web_Terrestrial,0.920128345489502,1600
True,True,07a94133de21296c503891d9ca5d56a87ff0c3ddb6b0060e9e647a990c56a971,1060,IMG_7009.TIF,False,M-O2,0.10090211033821106,alex,True,official_3dgs,G:\wl3dgs\3dgs_runs\two_scene_strict_screening_20260701\screening\M\M-O2\web_Terrestrial\test\ours_30000,30.511056900024414,00005.png,0.9647058844566345,0.3434317409992218,0.0,092bb913dcc4132bc2c6297bc3eb8481c30db141ebc6d841c10dd5060fa940a6,0.1513890027999878,2,M,web_Terrestrial,0.9393777847290039,1600
True,True,39ee4ae67dec0c3f8613b4271cfb35e00c51e02f4eb04b4b17209b24cd7f61fa,1060,IMG_7025.TIF,False,M-O2,0.16265341639518738,alex,True,official_3dgs,G:\wl3dgs\3dgs_runs\two_scene_strict_screening_20260701\screening\M\M-O2\web_Terrestrial\test\ours_30000,20.43271255493164,00006.png,1.0,0.27962881326675415,0.0,2048cd23b63583b75524823005f73fbe26beedf54bce7348f21750da5303e49c,0.1521422564983368,2,M,web_Terrestrial,0.8608386516571045,1600
True,True,b7a5121927d7cfd006ded8e492a74d19b8ce72cf37c441a0848d81dfda481e23,1060,IMG_7041.TIF,False,M-O2,0.12344954162836075,alex,True,official_3dgs,G:\wl3dgs\3dgs_runs\two_scene_strict_screening_20260701\screening\M\M-O2\web_Terrestrial\test\ours_30000,28.307994842529297,00007.png,0.9137254953384399,0.2888208329677582,0.0,a9f7711216a79aa32d7ddd1eaf14f8a476583636f6e6c5d428fd657a0421c46b,0.15216420590877533,2,M,web_Terrestrial,0.9300736784934998,1600
True,True,8b445fc977d4011006a222a5d3827de0e41b33d26ee3d3e8fba5f51ae83db0b5,1018,_DSC1595.JPG,False,M-O2,0.5066495537757874,alex,True,official_3dgs,G:\wl3dgs\3dgs_runs\two_scene_strict_screening_20260701\screening\M\M-O2\web_Terrestrial\test\ours_30000,21.052127838134766,00008.png,1.0,0.3663537800312042,0.0,501b801b92f1c5ea5b879bfe3fcb55be34a0aa05c130cbbb36cfb5b807e0faff,0.19066479802131653,2,M,web_Terrestrial,0.7292993068695068,1600
True,True,a033a52180c0bfbeda0eb6befe982963f048e07d2236c3c5bf5bf8881e4e19be,1018,_DSC1603.JPG,False,M-O2,0.5458638668060303,alex,True,official_3dgs,G:\wl3dgs\3dgs_runs\two_scene_strict_screening_20260701\screening\M\M-O2\web_Terrestrial\test\ours_30000,19.830718994140625,00009.png,1.0,0.38964423537254333,0.0117647061124444,ae27f53d7b69ac152fb06b006f48f4b20ac199978803998e9eb361a151ec234a,0.17577065527439117,2,M,web_Terrestrial,0.7416231036186218,1600
True,True,adae8feeae95e2e7aa807615c17c5d2773acee3efb58670111760aa4512e8a0b,1018,_DSC1611.JPG,False,M-O2,0.6252144575119019,alex,True,official_3dgs,G:\wl3dgs\3dgs_runs\two_scene_strict_screening_20260701\screening\M\M-O2\web_Terrestrial\test\ours_30000,16.084535598754883,00010.png,1.0,0.39358988404273987,0.027450980618596077,6f75868a2836b32cac13df9e7d2b7855b9a70aeca5b6b8a7be9c4f41eb1af480,0.16035009920597076,2,M,web_Terrestrial,0.7412825226783752,1600
True,True,879f092227d450c930cf5c48b3fbcfd075470fb11871cca141b77953cd220feb,1018,_DSC1619.JPG,False,M-O2,0.6656322479248047,alex,True,official_3dgs,G:\wl3dgs\3dgs_runs\two_scene_strict_screening_20260701\screening\M\M-O2\web_Terrestrial\test\ours_30000,14.283042907714844,00011.png,1.0,0.3764740228652954,0.0,67ba14517cafa17be6fd2a8af73b3329e12b8d74afe4ee8b375a79c0b6f1c317,0.16601626574993134,2,M,web_Terrestrial,0.6268559694290161,1600
True,True,be1590f6213ea796fa1425edf6af4d26e039c2a78e7ddb51f96a7fa979b6fcc1,1018,_DSC1627.JPG,False,M-O2,0.4495026171207428,alex,True,official_3dgs,G:\wl3dgs\3dgs_runs\two_scene_strict_screening_20260701\screening\M\M-O2\web_Terrestrial\test\ours_30000,19.386695861816406,00012.png,0.9921568632125854,0.4767376780509949,0.0,0e29b48f6a0b4ca38e035799ff1f1dffafc0dbcb7368687eec04407921d524b4,0.15704327821731567,2,M,web_Terrestrial,0.7150312066078186,1600
True,True,b7aaa5b607d55381923874cd3fec749a2ae88a8efc1ca0a3d1af4e150d4210cb,1018,_DSC1635.JPG,False,M-O2,0.7104396820068359,alex,True,official_3dgs,G:\wl3dgs\3dgs_runs\two_scene_strict_screening_20260701\screening\M\M-O2\web_Terrestrial\test\ours_30000,15.450803756713867,00013.png,1.0,0.39883318543434143,0.01568627543747425,a206997ed6f76773988e1a63552f4171dd9b6cdf246b5469a43f465ca57df751,0.17768916487693787,2,M,web_Terrestrial,0.6961787343025208,1600
True,True,a900504a73530fbfb50f07605c944f9db3f5ceba652ea691a8162126c93d79da,1018,_DSC1643.JPG,False,M-O2,0.4947977066040039,alex,True,official_3dgs,G:\wl3dgs\3dgs_runs\two_scene_strict_screening_20260701\screening\M\M-O2\web_Terrestrial\test\ours_30000,17.333168029785156,00014.png,1.0,0.4508105516433716,0.007843137718737125,a79acdf9459784e6714a4dc5a7535f94889c22ae9e9638666c74211d132d6e73,0.18709948658943176,2,M,web_Terrestrial,0.7193630933761597,1600
True,True,79338bfa8fb6f4ece195a1323dcf64c185613fe0c4ce2d9d6c26650e444f290a,1018,_DSC1651.JPG,False,M-O2,0.4954046905040741,alex,True,official_3dgs,G:\wl3dgs\3dgs_runs\two_scene_strict_screening_20260701\screening\M\M-O2\web_Terrestrial\test\ours_30000,19.755054473876953,00015.png,1.0,0.38902342319488525,0.0,fcf5f39049231ffb7826419140fb1fee14e963ae0b7a1d659ba9336a4ab5f25f,0.18490132689476013,2,M,web_Terrestrial,0.7718679904937744,1600
True,True,1d6fdf0ab99c2d288edb62247f3fbe986292c370c9065e29f37dbb60820c39e5,1018,_DSC1659.JPG,False,M-O2,0.5178770422935486,alex,True,official_3dgs,G:\wl3dgs\3dgs_runs\two_scene_strict_screening_20260701\screening\M\M-O2\web_Terrestrial\test\ours_30000,22.389556884765625,00016.png,0.8705882430076599,0.4245074987411499,0.0117647061124444,97991d9f7d9b48486b0c366d2b39fc435c159f985555641028e7aa168cabd685,0.177321657538414,2,M,web_Terrestrial,0.8022686243057251,1600
True,True,7b40d3c2622b8c483df38c0aa14ffba094bdcf7d8df88eee872be38018d3c7f9,1050,_DSC5568_1.JPG,False,M-O2,0.3274100422859192,alex,True,official_3dgs,G:\wl3dgs\3dgs_runs\two_scene_strict_screening_20260701\screening\M\M-O2\web_Terrestrial\test\ours_30000,21.164701461791992,00017.png,1.0,0.5362879633903503,0.0313725508749485,fa85e5b497837fea9437ee1b2f1c48d430cde341ff13bd337b342f241f76aadc,0.2072071135044098,2,M,web_Terrestrial,0.8088933229446411,1600
True,True,14e8c7e9bac4dd95fa2bf8361eb01264bc035176a6db02cda2b17981a8713853,1050,_DSC5576_1.JPG,False,M-O2,0.3609854280948639,alex,True,official_3dgs,G:\wl3dgs\3dgs_runs\two_scene_strict_screening_20260701\screening\M\M-O2\web_Terrestrial\test\ours_30000,20.978618621826172,00018.png,1.0,0.5360190272331238,0.019607843831181526,4b856e06d8488e592c0d77d6e1de8717452c0e3859a5a858df38550e4a52df13,0.218604177236557,2,M,web_Terrestrial,0.8073774576187134,1600
True,True,14cdec53bf1b509f78bf1544ce873efd2721934562b306ae0197aee1bff8c626,1050,_DSC5591_1.JPG,False,M-O2,0.6236051321029663,alex,True,official_3dgs,G:\wl3dgs\3dgs_runs\two_scene_strict_screening_20260701\screening\M\M-O2\web_Terrestrial\test\ours_30000,19.737499237060547,00019.png,0.9137254953384399,0.5045321583747864,0.027450980618596077,68557654529c0179ffdc0f7e0d169254f7f6a55259f00464391156d2b20ee233,0.14557680487632751,2,M,web_Terrestrial,0.6467807292938232,1600
True,True,5261cf2c98db0d3ac8e84a03f501503851ef6e4c5d97c35b6e10705dfc82567d,1050,_DSC5599_1.JPG,False,M-O2,0.6688030958175659,alex,True,official_3dgs,G:\wl3dgs\3dgs_runs\two_scene_strict_screening_20260701\screening\M\M-O2\web_Terrestrial\test\ours_30000,21.16727638244629,00020.png,1.0,0.5030157566070557,0.0,e0ed9dc022ec31f0e22262c67bcb2a387ccf60e881abad932a14170a3f6687cf,0.16228534281253815,2,M,web_Terrestrial,0.6254068613052368,1600
True,True,068c221bc9cde96572e025d9d49823a3527bd70e40cdc2b39f5ed13221bb744a,1050,_DSC5607_1.JPG,False,M-O2,0.6399175524711609,alex,True,official_3dgs,G:\wl3dgs\3dgs_runs\two_scene_strict_screening_20260701\screening\M\M-O2\web_Terrestrial\test\ours_30000,20.546756744384766,00021.png,0.9254902005195618,0.4546538293361664,0.027450980618596077,73848ee9e2f6e56a4029788255e6d526a59418c59be0bf9a5c537fa00faed381,0.17499655485153198,2,M,web_Terrestrial,0.6450603604316711,1600
True,True,c2cd98dd58b0b1fb794dbbb356d6b49f8e1a5fb0a673c0b8b0f77ac991da3d59,1050,_DSC5617_1.JPG,False,M-O2,0.4531766176223755,alex,True,official_3dgs,G:\wl3dgs\3dgs_runs\two_scene_strict_screening_20260701\screening\M\M-O2\web_Terrestrial\test\ours_30000,17.713525772094727,00022.png,1.0,0.5041375160217285,0.0235294122248888,9a95d3c3bf67bfc0e690149275644a38d86650d18146b54a0df9475a7d3050eb,0.19243432581424713,2,M,web_Terrestrial,0.7281882762908936,1600
True,True,82be7fcbcc46da46d0c04a210d96c5819259fa3b61bdba72c49a49e9dfa27331,1050,_DSC5627.JPG,False,M-O2,0.40857598185539246,alex,True,official_3dgs,G:\wl3dgs\3dgs_runs\two_scene_strict_screening_20260701\screening\M\M-O2\web_Terrestrial\test\ours_30000,17.01767921447754,00023.png,1.0,0.4442504346370697,0.0,ba16f41facef3f579ab4f6b122efebae0691617ea8d4c5c9f0848280c31a3fe8,0.23299622535705566,2,M,web_Terrestrial,0.679474949836731,1600
True,True,633a5406bcf296139e36bd9f8f5c64a58a8eb444c1b3b875b0cca441417ffc2b,1060,IMG_6283.TIF,False,M-G2,0.28185510635375977,alex,True,gsw_strict_intrinsic,G:\wl3dgs\3dgs_runs\two_scene_strict_screening_20260701\screening\M\M-G2\web_Terrestrial\test\ours_30000_strict_intrinsic,19.860898971557617,00000.png,1.0,0.39690473675727844,0.0,a4b55d1ba647b2cc943aeceee350e1cd39765e32e36eb78e10082e46548d489b,0.16690057516098022,2,M,web_Terrestrial,0.7767894864082336,1600
True,True,5ee251c5e52d213ebdf8d7ee05eb39f3dbc4593a5b248734c8907551f93dc1a1,1060,IMG_6299.TIF,False,M-G2,0.2686885595321655,alex,True,gsw_strict_intrinsic,G:\wl3dgs\3dgs_runs\two_scene_strict_screening_20260701\screening\M\M-G2\web_Terrestrial\test\ours_30000_strict_intrinsic,23.359424591064453,00001.png,0.9647058844566345,0.3175249695777893,0.0,b094df4be6b339f2320e73c78d9303933fa15729fb36e20ed94185495eb7f478,0.15373562276363373,2,M,web_Terrestrial,0.8458707928657532,1600
True,True,19f517392bf7f7d59f2d891bb3c664e3c83595f00915254db11fdd1e5d07c85e,1060,IMG_6315.TIF,False,M-G2,0.27229729294776917,alex,True,gsw_strict_intrinsic,G:\wl3dgs\3dgs_runs\two_scene_strict_screening_20260701\screening\M\M-G2\web_Terrestrial\test\ours_30000_strict_intrinsic,22.769716262817383,00002.png,0.95686274766922,0.31846141815185547,0.0,0542ac2cf963cc1783cf2172106d50970283948cf190f4c5997b246a2dc991f5,0.15087084472179413,2,M,web_Terrestrial,0.7675118446350098,1600
True,True,3f39736867e01b82dca25899168a85e79ca6f03893f9ecdb0872bbaf003791ec,1060,IMG_6977.TIF,False,M-G2,0.29499155282974243,alex,True,gsw_strict_intrinsic,G:\wl3dgs\3dgs_runs\two_scene_strict_screening_20260701\screening\M\M-G2\web_Terrestrial\test\ours_30000_strict_intrinsic,23.546646118164062,00003.png,1.0,0.3342462480068207,0.003921568859368563,380642a5b721349324e00d5d0121d0a5525392f2670cbd2723c93a79cca0c10e,0.1590893715620041,2,M,web_Terrestrial,0.8694750666618347,1600
True,True,8fdedeec2820b22aff16043a7d3aa45a09155b701b5a1429e672bc0080672186,1060,IMG_6993.TIF,False,M-G2,0.19081978499889374,alex,True,gsw_strict_intrinsic,G:\wl3dgs\3dgs_runs\two_scene_strict_screening_20260701\screening\M\M-G2\web_Terrestrial\test\ours_30000_strict_intrinsic,24.592731475830078,00004.png,0.9529411792755127,0.3841036558151245,0.0,05f094d089643c54882e7df7f439a78f7b4b2d95b4fa2fb3b96d0dc9237ff700,0.16934745013713837,2,M,web_Terrestrial,0.8702948093414307,1600
True,True,07a94133de21296c503891d9ca5d56a87ff0c3ddb6b0060e9e647a990c56a971,1060,IMG_7009.TIF,False,M-G2,0.202470600605011,alex,True,gsw_strict_intrinsic,G:\wl3dgs\3dgs_runs\two_scene_strict_screening_20260701\screening\M\M-G2\web_Terrestrial\test\ours_30000_strict_intrinsic,25.602481842041016,00005.png,0.9490196108818054,0.34938451647758484,0.0,a4b03504bb5f071aacc5f7297c100701e8efb648fcaad217b24fe24f50e6a3da,0.1595427691936493,2,M,web_Terrestrial,0.8863745331764221,1600
True,True,39ee4ae67dec0c3f8613b4271cfb35e00c51e02f4eb04b4b17209b24cd7f61fa,1060,IMG_7025.TIF,False,M-G2,0.27325859665870667,alex,True,gsw_strict_intrinsic,G:\wl3dgs\3dgs_runs\two_scene_strict_screening_20260701\screening\M\M-G2\web_Terrestrial\test\ours_30000_strict_intrinsic,19.130874633789062,00006.png,1.0,0.30562707781791687,0.0,259783627beedae2a02dd87ef7fb649615786139300f251cd413f713b03c9bd8,0.16247475147247314,2,M,web_Terrestrial,0.8144139051437378,1600
True,True,b7a5121927d7cfd006ded8e492a74d19b8ce72cf37c441a0848d81dfda481e23,1060,IMG_7041.TIF,False,M-G2,0.29645437002182007,alex,True,gsw_strict_intrinsic,G:\wl3dgs\3dgs_runs\two_scene_strict_screening_20260701\screening\M\M-G2\web_Terrestrial\test\ours_30000_strict_intrinsic,23.98298454284668,00007.png,0.8941176533699036,0.29872575402259827,0.0,9a0841f2c279ef5dee82268fe79f82da9510a0f3870bdd2b11abbfa439ac06f3,0.14496275782585144,2,M,web_Terrestrial,0.8550103306770325,1600
True,True,8b445fc977d4011006a222a5d3827de0e41b33d26ee3d3e8fba5f51ae83db0b5,1018,_DSC1595.JPG,False,M-G2,0.5932106971740723,alex,True,gsw_strict_intrinsic,G:\wl3dgs\3dgs_runs\two_scene_strict_screening_20260701\screening\M\M-G2\web_Terrestrial\test\ours_30000_strict_intrinsic,20.499176025390625,00008.png,1.0,0.37095174193382263,0.0,3a69827c53cb0ebc8e94cbb71a8c460d9615d0d40b16a87bf10a75d64029e327,0.17409387230873108,2,M,web_Terrestrial,0.7200191020965576,1600
True,True,a033a52180c0bfbeda0eb6befe982963f048e07d2236c3c5bf5bf8881e4e19be,1018,_DSC1603.JPG,False,M-G2,0.6350377202033997,alex,True,gsw_strict_intrinsic,G:\wl3dgs\3dgs_runs\two_scene_strict_screening_20260701\screening\M\M-G2\web_Terrestrial\test\ours_30000_strict_intrinsic,21.170291900634766,00009.png,1.0,0.36289626359939575,0.019607843831181526,878953850dc5e13feb41e1c3f135bd3f4b384989ed6a8fe66445be99fd4a497c,0.14284837245941162,2,M,web_Terrestrial,0.7500940561294556,1600
True,True,adae8feeae95e2e7aa807615c17c5d2773acee3efb58670111760aa4512e8a0b,1018,_DSC1611.JPG,False,M-G2,0.6972337365150452,alex,True,gsw_strict_intrinsic,G:\wl3dgs\3dgs_runs\two_scene_strict_screening_20260701\screening\M\M-G2\web_Terrestrial\test\ours_30000_strict_intrinsic,15.524601936340332,00010.png,1.0,0.40687045454978943,0.0,5c504098dd4a305c846912a5c6d3f1b395a5c2c4845653770bc58a1cb409fe62,0.1705395132303238,2,M,web_Terrestrial,0.75431889295578,1600
True,True,879f092227d450c930cf5c48b3fbcfd075470fb11871cca141b77953cd220feb,1018,_DSC1619.JPG,False,M-G2,0.7497276663780212,alex,True,gsw_strict_intrinsic,G:\wl3dgs\3dgs_runs\two_scene_strict_screening_20260701\screening\M\M-G2\web_Terrestrial\test\ours_30000_strict_intrinsic,12.708759307861328,00011.png,1.0,0.3077210783958435,0.0,4a668f464b043665b64cbe9786756579353fc4f9ff3b2ae5ad76e322dd5a988f,0.1510334312915802,2,M,web_Terrestrial,0.606838583946228,1600
True,True,be1590f6213ea796fa1425edf6af4d26e039c2a78e7ddb51f96a7fa979b6fcc1,1018,_DSC1627.JPG,False,M-G2,0.5300996899604797,alex,True,gsw_strict_intrinsic,G:\wl3dgs\3dgs_runs\two_scene_strict_screening_20260701\screening\M\M-G2\web_Terrestrial\test\ours_30000_strict_intrinsic,19.69241714477539,00012.png,0.8941176533699036,0.5045351386070251,0.0,4c73d4ef60492555e794c9fc2aa40b9649d836643ca358a09ca73b501d61f910,0.16389648616313934,2,M,web_Terrestrial,0.7115656733512878,1600
True,True,b7aaa5b607d55381923874cd3fec749a2ae88a8efc1ca0a3d1af4e150d4210cb,1018,_DSC1635.JPG,False,M-G2,0.7534153461456299,alex,True,gsw_strict_intrinsic,G:\wl3dgs\3dgs_runs\two_scene_strict_screening_20260701\screening\M\M-G2\web_Terrestrial\test\ours_30000_strict_intrinsic,15.179389953613281,00013.png,1.0,0.39694681763648987,0.007843137718737125,68e24a5a9fd89b3b273905bc8be5cd98606086fa11348bdd806a16f6adc47041,0.18103666603565216,2,M,web_Terrestrial,0.70643550157547,1600
True,True,a900504a73530fbfb50f07605c944f9db3f5ceba652ea691a8162126c93d79da,1018,_DSC1643.JPG,False,M-G2,0.525390625,alex,True,gsw_strict_intrinsic,G:\wl3dgs\3dgs_runs\two_scene_strict_screening_20260701\screening\M\M-G2\web_Terrestrial\test\ours_30000_strict_intrinsic,19.337865829467773,00014.png,0.9411764740943909,0.42305102944374084,0.0,5f2b3d62cf714a64358e80015c0c2a8a3e6d0fc4e0dd20fdaef1478d40e1e4f3,0.20184683799743652,2,M,web_Terrestrial,0.7436800599098206,1600
True,True,79338bfa8fb6f4ece195a1323dcf64c185613fe0c4ce2d9d6c26650e444f290a,1018,_DSC1651.JPG,False,M-G2,0.5912907719612122,alex,True,gsw_strict_intrinsic,G:\wl3dgs\3dgs_runs\two_scene_strict_screening_20260701\screening\M\M-G2\web_Terrestrial\test\ours_30000_strict_intrinsic,18.644804000854492,00015.png,1.0,0.3734007775783539,0.0,a565d957b27f8d297dbd27dcd83efc76a944169d95da2d22bd4e7a126e7068cd,0.17693959176540375,2,M,web_Terrestrial,0.7712411880493164,1600
True,True,1d6fdf0ab99c2d288edb62247f3fbe986292c370c9065e29f37dbb60820c39e5,1018,_DSC1659.JPG,False,M-G2,0.6276293396949768,alex,True,gsw_strict_intrinsic,G:\wl3dgs\3dgs_runs\two_scene_strict_screening_20260701\screening\M\M-G2\web_Terrestrial\test\ours_30000_strict_intrinsic,22.507598876953125,00016.png,0.9411764740943909,0.3603271245956421,0.0235294122248888,a5298d5a2f09e618978b0a8fd33d205503becb79e6910c1b5d1e5bb6419af3d5,0.16393734514713287,2,M,web_Terrestrial,0.8152438998222351,1600
True,True,7b40d3c2622b8c483df38c0aa14ffba094bdcf7d8df88eee872be38018d3c7f9,1050,_DSC5568_1.JPG,False,M-G2,0.5090980529785156,alex,True,gsw_strict_intrinsic,G:\wl3dgs\3dgs_runs\two_scene_strict_screening_20260701\screening\M\M-G2\web_Terrestrial\test\ours_30000_strict_intrinsic,17.872976303100586,00017.png,0.9176470637321472,0.4760652184486389,0.007843137718737125,c9cd98c81a3803f06a4ca6c705f9d74a512f0bccc3ddada7bbe91e8ef2ab27e8,0.18909300863742828,2,M,web_Terrestrial,0.7686354517936707,1600
True,True,14e8c7e9bac4dd95fa2bf8361eb01264bc035176a6db02cda2b17981a8713853,1050,_DSC5576_1.JPG,False,M-G2,0.6012489795684814,alex,True,gsw_strict_intrinsic,G:\wl3dgs\3dgs_runs\two_scene_strict_screening_20260701\screening\M\M-G2\web_Terrestrial\test\ours_30000_strict_intrinsic,18.315135955810547,00018.png,1.0,0.48826369643211365,0.03921568766236305,8b868016802e8e4d2065a76c05bb2e9f051f0bed3f3b14e49a96181bf78ca48d,0.221429705619812,2,M,web_Terrestrial,0.7597854733467102,1600
True,True,14cdec53bf1b509f78bf1544ce873efd2721934562b306ae0197aee1bff8c626,1050,_DSC5591_1.JPG,False,M-G2,0.721947968006134,alex,True,gsw_strict_intrinsic,G:\wl3dgs\3dgs_runs\two_scene_strict_screening_20260701\screening\M\M-G2\web_Terrestrial\test\ours_30000_strict_intrinsic,15.748746871948242,00019.png,0.9176470637321472,0.405577689409256,0.007843137718737125,8bc72aa4b6b283b190c94324651674adc384ae490191a1e18ebfad31e58f428b,0.1664418876171112,2,M,web_Terrestrial,0.6102207899093628,1600
True,True,5261cf2c98db0d3ac8e84a03f501503851ef6e4c5d97c35b6e10705dfc82567d,1050,_DSC5599_1.JPG,False,M-G2,0.8244329690933228,alex,True,gsw_strict_intrinsic,G:\wl3dgs\3dgs_runs\two_scene_strict_screening_20260701\screening\M\M-G2\web_Terrestrial\test\ours_30000_strict_intrinsic,18.68308448791504,00020.png,0.9137254953384399,0.47404706478118896,0.0,c936f17c6842b02d7b1db85372b60a9cfeab16197f2e3aeb795bb3d6b7257b5d,0.1576220542192459,2,M,web_Terrestrial,0.5923292636871338,1600
True,True,068c221bc9cde96572e025d9d49823a3527bd70e40cdc2b39f5ed13221bb744a,1050,_DSC5607_1.JPG,False,M-G2,0.7465904355049133,alex,True,gsw_strict_intrinsic,G:\wl3dgs\3dgs_runs\two_scene_strict_screening_20260701\screening\M\M-G2\web_Terrestrial\test\ours_30000_strict_intrinsic,18.0526123046875,00021.png,0.9647058844566345,0.4431428015232086,0.0117647061124444,2a5820557eb0f2594d3e4769c7b3dff0d5fb1a8c328bf2c960179fc6a1d57713,0.166253000497818,2,M,web_Terrestrial,0.5926411747932434,1600
True,True,c2cd98dd58b0b1fb794dbbb356d6b49f8e1a5fb0a673c0b8b0f77ac991da3d59,1050,_DSC5617_1.JPG,False,M-G2,0.6123067736625671,alex,True,gsw_strict_intrinsic,G:\wl3dgs\3dgs_runs\two_scene_strict_screening_20260701\screening\M\M-G2\web_Terrestrial\test\ours_30000_strict_intrinsic,13.243770599365234,00022.png,0.9960784316062927,0.41886821389198303,0.0,a68813cd2e55514ed07d8fc697dc6274fd0a649aec9ddcfa5a2501dffa895387,0.18048417568206787,2,M,web_Terrestrial,0.632331371307373,1600
True,True,82be7fcbcc46da46d0c04a210d96c5819259fa3b61bdba72c49a49e9dfa27331,1050,_DSC5627.JPG,False,M-G2,0.6295165419578552,alex,True,gsw_strict_intrinsic,G:\wl3dgs\3dgs_runs\two_scene_strict_screening_20260701\screening\M\M-G2\web_Terrestrial\test\ours_30000_strict_intrinsic,11.157383918762207,00023.png,0.9450980424880981,0.32959577441215515,0.0,21b6d75ac5e50a528f913254bd47b0c8a9229b7ce7fbf1a7bc1b5cea135c919a,0.19656381011009216,2,M,web_Terrestrial,0.5483084917068481,1600
True,True,633a5406bcf296139e36bd9f8f5c64a58a8eb444c1b3b875b0cca441417ffc2b,1060,IMG_6283.TIF,False,M-O3,0.3170071542263031,alex,True,official_3dgs,G:\wl3dgs\3dgs_runs\two_scene_strict_screening_20260701\screening\M\M-O3\web_Terrestrial\test\ours_30000,17.4948673248291,00000.png,1.0,0.4080642759799957,0.0,1aa28ee12604372a87227067fad5e109a0ba76cca84b7b8429d64e62567f1e25,0.16742680966854095,3,M,web_Terrestrial,0.7477142810821533,1600
True,True,5ee251c5e52d213ebdf8d7ee05eb39f3dbc4593a5b248734c8907551f93dc1a1,1060,IMG_6299.TIF,False,M-O3,0.15449556708335876,alex,True,official_3dgs,G:\wl3dgs\3dgs_runs\two_scene_strict_screening_20260701\screening\M\M-O3\web_Terrestrial\test\ours_30000,24.49789810180664,00001.png,1.0,0.30530160665512085,0.0,b22c9ca963e8443e0b9060cb8b720a82d5f8b93cb2aca3944499bcb368176469,0.1570831537246704,3,M,web_Terrestrial,0.8899288773536682,1600
True,True,19f517392bf7f7d59f2d891bb3c664e3c83595f00915254db11fdd1e5d07c85e,1060,IMG_6315.TIF,False,M-O3,0.16447259485721588,alex,True,official_3dgs,G:\wl3dgs\3dgs_runs\two_scene_strict_screening_20260701\screening\M\M-O3\web_Terrestrial\test\ours_30000,22.68353271484375,00002.png,1.0,0.332225501537323,0.003921568859368563,8a39aa42736b218394f7307cce3d75aafb229bf5dfde18ddf27381be73d270c2,0.16121399402618408,3,M,web_Terrestrial,0.8148329257965088,1600
True,True,3f39736867e01b82dca25899168a85e79ca6f03893f9ecdb0872bbaf003791ec,1060,IMG_6977.TIF,False,M-O3,0.13761749863624573,alex,True,official_3dgs,G:\wl3dgs\3dgs_runs\two_scene_strict_screening_20260701\screening\M\M-O3\web_Terrestrial\test\ours_30000,26.692089080810547,00003.png,0.9921568632125854,0.3133595585823059,0.0,8d5c64b29afaf4ee5f8b945892d3de73b67c5137d1d69c245fe745ab979e4610,0.14098773896694183,3,M,web_Terrestrial,0.9171949028968811,1600
True,True,8fdedeec2820b22aff16043a7d3aa45a09155b701b5a1429e672bc0080672186,1060,IMG_6993.TIF,False,M-O3,0.09935487806797028,alex,True,official_3dgs,G:\wl3dgs\3dgs_runs\two_scene_strict_screening_20260701\screening\M\M-O3\web_Terrestrial\test\ours_30000,26.102344512939453,00004.png,0.9764705896377563,0.3737907409667969,0.007843137718737125,9ec09f44e7dc144cc72f844bd912a22d2d92d84d264303fa6b3b453913245be3,0.16535793244838715,3,M,web_Terrestrial,0.9211098551750183,1600
True,True,07a94133de21296c503891d9ca5d56a87ff0c3ddb6b0060e9e647a990c56a971,1060,IMG_7009.TIF,False,M-O3,0.10172472149133682,alex,True,official_3dgs,G:\wl3dgs\3dgs_runs\two_scene_strict_screening_20260701\screening\M\M-O3\web_Terrestrial\test\ours_30000,30.606151580810547,00005.png,0.9490196108818054,0.34315550327301025,0.0,c9c6dab46e9afeb2ebaceaa2a36474d76421c1bf1ce88cf7fb1e68645a817d4d,0.15109415352344513,3,M,web_Terrestrial,0.9396171569824219,1600
True,True,39ee4ae67dec0c3f8613b4271cfb35e00c51e02f4eb04b4b17209b24cd7f61fa,1060,IMG_7025.TIF,False,M-O3,0.165061816573143,alex,True,official_3dgs,G:\wl3dgs\3dgs_runs\two_scene_strict_screening_20260701\screening\M\M-O3\web_Terrestrial\test\ours_30000,17.62076187133789,00006.png,1.0,0.28740695118904114,0.0,c3617e896e601a9ec54ead001bbaf9421bb5ba7090c3c4abafb797ba00178687,0.1718202531337738,3,M,web_Terrestrial,0.8565986752510071,1600
True,True,b7a5121927d7cfd006ded8e492a74d19b8ce72cf37c441a0848d81dfda481e23,1060,IMG_7041.TIF,False,M-O3,0.12996426224708557,alex,True,official_3dgs,G:\wl3dgs\3dgs_runs\two_scene_strict_screening_20260701\screening\M\M-O3\web_Terrestrial\test\ours_30000,28.274324417114258,00007.png,0.9176470637321472,0.28767815232276917,0.003921568859368563,34486f709680e059126927d04e031c180166bc86e4f74800a8e7bed93c9d0e21,0.15258385241031647,3,M,web_Terrestrial,0.9307299852371216,1600
True,True,8b445fc977d4011006a222a5d3827de0e41b33d26ee3d3e8fba5f51ae83db0b5,1018,_DSC1595.JPG,False,M-O3,0.5060120820999146,alex,True,official_3dgs,G:\wl3dgs\3dgs_runs\two_scene_strict_screening_20260701\screening\M\M-O3\web_Terrestrial\test\ours_30000,21.384994506835938,00008.png,1.0,0.37644076347351074,0.0,e139c67ff50a02802c98bd8c735db047328fcfa26b95b44cf13088a8b9a5872e,0.19138573110103607,3,M,web_Terrestrial,0.7300919890403748,1600
True,True,a033a52180c0bfbeda0eb6befe982963f048e07d2236c3c5bf5bf8881e4e19be,1018,_DSC1603.JPG,False,M-O3,0.5353251099586487,alex,True,official_3dgs,G:\wl3dgs\3dgs_runs\two_scene_strict_screening_20260701\screening\M\M-O3\web_Terrestrial\test\ours_30000,20.388782501220703,00009.png,1.0,0.38675230741500854,0.0117647061124444,9786a4a27b793adcc1f1eadfc39d76aed2e2f1290613e192fadcc4d01477c6ed,0.17479157447814941,3,M,web_Terrestrial,0.7397695779800415,1600
True,True,adae8feeae95e2e7aa807615c17c5d2773acee3efb58670111760aa4512e8a0b,1018,_DSC1611.JPG,False,M-O3,0.6343321204185486,alex,True,official_3dgs,G:\wl3dgs\3dgs_runs\two_scene_strict_screening_20260701\screening\M\M-O3\web_Terrestrial\test\ours_30000,16.291919708251953,00010.png,1.0,0.39025959372520447,0.062745101749897,19c4a3711a93b4cdefc88c3104eaf6a3a699550a96a2db718845abee3a5aa8a3,0.1605505347251892,3,M,web_Terrestrial,0.7478837966918945,1600
True,True,879f092227d450c930cf5c48b3fbcfd075470fb11871cca141b77953cd220feb,1018,_DSC1619.JPG,False,M-O3,0.6609172224998474,alex,True,official_3dgs,G:\wl3dgs\3dgs_runs\two_scene_strict_screening_20260701\screening\M\M-O3\web_Terrestrial\test\ours_30000,14.44318675994873,00011.png,1.0,0.3862556219100952,0.007843137718737125,b73c2c90b185328c7fc26dd3c9c89a35b436a54dd1d61753d5461b967a958567,0.17073896527290344,3,M,web_Terrestrial,0.6291292905807495,1600
True,True,be1590f6213ea796fa1425edf6af4d26e039c2a78e7ddb51f96a7fa979b6fcc1,1018,_DSC1627.JPG,False,M-O3,0.4454253017902374,alex,True,official_3dgs,G:\wl3dgs\3dgs_runs\two_scene_strict_screening_20260701\screening\M\M-O3\web_Terrestrial\test\ours_30000,19.483312606811523,00012.png,1.0,0.45714953541755676,0.003921568859368563,b49f8564e580ab439be8d6401a819e1fd80ba33e0fd9117a015bb0b56c40acb8,0.15265415608882904,3,M,web_Terrestrial,0.7167554497718811,1600
True,True,b7aaa5b607d55381923874cd3fec749a2ae88a8efc1ca0a3d1af4e150d4210cb,1018,_DSC1635.JPG,False,M-O3,0.7118207216262817,alex,True,official_3dgs,G:\wl3dgs\3dgs_runs\two_scene_strict_screening_20260701\screening\M\M-O3\web_Terrestrial\test\ours_30000,15.355109214782715,00013.png,1.0,0.4063962697982788,0.019607843831181526,2aa44c6b2763327955b409f97f661f4a36ba253f496c475304a47bd22cf27883,0.1812329739332199,3,M,web_Terrestrial,0.6912907361984253,1600
True,True,a900504a73530fbfb50f07605c944f9db3f5ceba652ea691a8162126c93d79da,1018,_DSC1643.JPG,False,M-O3,0.48914143443107605,alex,True,official_3dgs,G:\wl3dgs\3dgs_runs\two_scene_strict_screening_20260701\screening\M\M-O3\web_Terrestrial\test\ours_30000,17.37678337097168,00014.png,1.0,0.45132890343666077,0.0117647061124444,84067ffab5617a837abb34d4b952238593cedd24eab0219f214bdc9ba4d89df8,0.18648068606853485,3,M,web_Terrestrial,0.7212703824043274,1600
True,True,79338bfa8fb6f4ece195a1323dcf64c185613fe0c4ce2d9d6c26650e444f290a,1018,_DSC1651.JPG,False,M-O3,0.49868547916412354,alex,True,official_3dgs,G:\wl3dgs\3dgs_runs\two_scene_strict_screening_20260701\screening\M\M-O3\web_Terrestrial\test\ours_30000,19.835731506347656,00015.png,1.0,0.3981834650039673,0.0,ad824f00bd0ff27e87597a7b09eb4150c377894e84a9a6e443d4bf4576aded93,0.18442291021347046,3,M,web_Terrestrial,0.7746049165725708,1600
True,True,1d6fdf0ab99c2d288edb62247f3fbe986292c370c9065e29f37dbb60820c39e5,1018,_DSC1659.JPG,False,M-O3,0.5230845808982849,alex,True,official_3dgs,G:\wl3dgs\3dgs_runs\two_scene_strict_screening_20260701\screening\M\M-O3\web_Terrestrial\test\ours_30000,22.082637786865234,00016.png,0.9019607901573181,0.41835522651672363,0.007843137718737125,50364767bb3c00d3fa6fc6553555f44e2c48bb8183a5e4ad0ded81fa839af9c8,0.17419789731502533,3,M,web_Terrestrial,0.8013134002685547,1600
True,True,7b40d3c2622b8c483df38c0aa14ffba094bdcf7d8df88eee872be38018d3c7f9,1050,_DSC5568_1.JPG,False,M-O3,0.3213914930820465,alex,True,official_3dgs,G:\wl3dgs\3dgs_runs\two_scene_strict_screening_20260701\screening\M\M-O3\web_Terrestrial\test\ours_30000,22.033267974853516,00017.png,1.0,0.5392162203788757,0.05098039284348488,1ac2297482c79822d59c6cf06c05ff9e94e82750a93c82c422e76e556b5a16b5,0.20091032981872559,3,M,web_Terrestrial,0.8162404894828796,1600
True,True,14e8c7e9bac4dd95fa2bf8361eb01264bc035176a6db02cda2b17981a8713853,1050,_DSC5576_1.JPG,False,M-O3,0.3560795783996582,alex,True,official_3dgs,G:\wl3dgs\3dgs_runs\two_scene_strict_screening_20260701\screening\M\M-O3\web_Terrestrial\test\ours_30000,21.793804168701172,00018.png,1.0,0.5427903532981873,0.027450980618596077,52b7bf1e766a81846d17cc92d965a6f0c7ee6e9374f214d47960020e1a8a08ba,0.21375063061714172,3,M,web_Terrestrial,0.8126407861709595,1600
True,True,14cdec53bf1b509f78bf1544ce873efd2721934562b306ae0197aee1bff8c626,1050,_DSC5591_1.JPG,False,M-O3,0.6171643137931824,alex,True,official_3dgs,G:\wl3dgs\3dgs_runs\two_scene_strict_screening_20260701\screening\M\M-O3\web_Terrestrial\test\ours_30000,19.880783081054688,00019.png,0.9647058844566345,0.502133309841156,0.04313725605607033,2f10e766df81116e7298346443e31a6f30446ab2dfe7f7c3951486170f8e9016,0.14579662680625916,3,M,web_Terrestrial,0.6495985984802246,1600
True,True,5261cf2c98db0d3ac8e84a03f501503851ef6e4c5d97c35b6e10705dfc82567d,1050,_DSC5599_1.JPG,False,M-O3,0.6654013395309448,alex,True,official_3dgs,G:\wl3dgs\3dgs_runs\two_scene_strict_screening_20260701\screening\M\M-O3\web_Terrestrial\test\ours_30000,21.011531829833984,00020.png,0.9960784316062927,0.5052453875541687,0.0,92720551d28d5b95cec7ca1a28323e3bf06d8d3624377efcf81799665780840d,0.1618672013282776,3,M,web_Terrestrial,0.6261986494064331,1600
True,True,068c221bc9cde96572e025d9d49823a3527bd70e40cdc2b39f5ed13221bb744a,1050,_DSC5607_1.JPG,False,M-O3,0.6430008411407471,alex,True,official_3dgs,G:\wl3dgs\3dgs_runs\two_scene_strict_screening_20260701\screening\M\M-O3\web_Terrestrial\test\ours_30000,20.282119750976562,00021.png,0.9333333373069763,0.4587806463241577,0.01568627543747425,cbedb56c2108c326b507c4ffc524dec2dc499b67a97091025ad099cd760a62ac,0.17577296495437622,3,M,web_Terrestrial,0.6438327431678772,1600
True,True,c2cd98dd58b0b1fb794dbbb356d6b49f8e1a5fb0a673c0b8b0f77ac991da3d59,1050,_DSC5617_1.JPG,False,M-O3,0.44947683811187744,alex,True,official_3dgs,G:\wl3dgs\3dgs_runs\two_scene_strict_screening_20260701\screening\M\M-O3\web_Terrestrial\test\ours_30000,17.643218994140625,00022.png,1.0,0.5074094533920288,0.01568627543747425,f18499d0916b852dbf08c03b87c6b9da1881506a60315621322bb95121c508d3,0.1917087882757187,3,M,web_Terrestrial,0.7296633720397949,1600
True,True,82be7fcbcc46da46d0c04a210d96c5819259fa3b61bdba72c49a49e9dfa27331,1050,_DSC5627.JPG,False,M-O3,0.4041348695755005,alex,True,official_3dgs,G:\wl3dgs\3dgs_runs\two_scene_strict_screening_20260701\screening\M\M-O3\web_Terrestrial\test\ours_30000,17.544185638427734,00023.png,1.0,0.459367573261261,0.0,d47354512134f35397489cc9400d0e0af5f3d145c1def1b949a0461fb73d52f8,0.24029873311519623,3,M,web_Terrestrial,0.6853727102279663,1600
True,True,633a5406bcf296139e36bd9f8f5c64a58a8eb444c1b3b875b0cca441417ffc2b,1060,IMG_6283.TIF,True,M-G3,1.014999270439148,alex,True,gsw_strict_intrinsic,G:\wl3dgs\3dgs_runs\two_scene_strict_screening_20260701\screening\M\M-G3\web_Terrestrial\test\ours_30000_strict_intrinsic,8.633674621582031,00000.png,0.0,0.0,0.0,6c0a7ef1578f26bd47e4c9146379e069fa371322b3fbcaea414ca3d042539c92,0.0,3,M,web_Terrestrial,0.005807456094771624,1600
True,True,5ee251c5e52d213ebdf8d7ee05eb39f3dbc4593a5b248734c8907551f93dc1a1,1060,IMG_6299.TIF,True,M-G3,1.0071262121200562,alex,True,gsw_strict_intrinsic,G:\wl3dgs\3dgs_runs\two_scene_strict_screening_20260701\screening\M\M-G3\web_Terrestrial\test\ours_30000_strict_intrinsic,9.848469734191895,00001.png,0.0,0.0,0.0,6c0a7ef1578f26bd47e4c9146379e069fa371322b3fbcaea414ca3d042539c92,0.0,3,M,web_Terrestrial,0.013584586791694164,1600
True,True,19f517392bf7f7d59f2d891bb3c664e3c83595f00915254db11fdd1e5d07c85e,1060,IMG_6315.TIF,True,M-G3,0.9969276785850525,alex,True,gsw_strict_intrinsic,G:\wl3dgs\3dgs_runs\two_scene_strict_screening_20260701\screening\M\M-G3\web_Terrestrial\test\ours_30000_strict_intrinsic,8.9847993850708,00002.png,0.0,0.0,0.0,6c0a7ef1578f26bd47e4c9146379e069fa371322b3fbcaea414ca3d042539c92,0.0,3,M,web_Terrestrial,0.03093026764690876,1600
True,True,3f39736867e01b82dca25899168a85e79ca6f03893f9ecdb0872bbaf003791ec,1060,IMG_6977.TIF,True,M-G3,1.003491759300232,alex,True,gsw_strict_intrinsic,G:\wl3dgs\3dgs_runs\two_scene_strict_screening_20260701\screening\M\M-G3\web_Terrestrial\test\ours_30000_strict_intrinsic,9.505110740661621,00003.png,0.0,0.0,0.0,6c0a7ef1578f26bd47e4c9146379e069fa371322b3fbcaea414ca3d042539c92,0.0,3,M,web_Terrestrial,0.0026570139452815056,1600
True,True,8fdedeec2820b22aff16043a7d3aa45a09155b701b5a1429e672bc0080672186,1060,IMG_6993.TIF,True,M-G3,1.0233274698257446,alex,True,gsw_strict_intrinsic,G:\wl3dgs\3dgs_runs\two_scene_strict_screening_20260701\screening\M\M-G3\web_Terrestrial\test\ours_30000_strict_intrinsic,7.7744646072387695,00004.png,0.0,0.0,0.0,6c0a7ef1578f26bd47e4c9146379e069fa371322b3fbcaea414ca3d042539c92,0.0,3,M,web_Terrestrial,0.004511003848165274,1600
True,True,07a94133de21296c503891d9ca5d56a87ff0c3ddb6b0060e9e647a990c56a971,1060,IMG_7009.TIF,True,M-G3,1.0110117197036743,alex,True,gsw_strict_intrinsic,G:\wl3dgs\3dgs_runs\two_scene_strict_screening_20260701\screening\M\M-G3\web_Terrestrial\test\ours_30000_strict_intrinsic,8.44753646850586,00005.png,0.0,0.0,0.0,6c0a7ef1578f26bd47e4c9146379e069fa371322b3fbcaea414ca3d042539c92,0.0,3,M,web_Terrestrial,0.005021823104470968,1600
True,True,39ee4ae67dec0c3f8613b4271cfb35e00c51e02f4eb04b4b17209b24cd7f61fa,1060,IMG_7025.TIF,True,M-G3,0.9494444727897644,alex,True,gsw_strict_intrinsic,G:\wl3dgs\3dgs_runs\two_scene_strict_screening_20260701\screening\M\M-G3\web_Terrestrial\test\ours_30000_strict_intrinsic,10.271114349365234,00006.png,0.0,0.0,0.0,6c0a7ef1578f26bd47e4c9146379e069fa371322b3fbcaea414ca3d042539c92,0.0,3,M,web_Terrestrial,0.0066584995947778225,1600
True,True,b7a5121927d7cfd006ded8e492a74d19b8ce72cf37c441a0848d81dfda481e23,1060,IMG_7041.TIF,True,M-G3,0.9754039645195007,alex,True,gsw_strict_intrinsic,G:\wl3dgs\3dgs_runs\two_scene_strict_screening_20260701\screening\M\M-G3\web_Terrestrial\test\ours_30000_strict_intrinsic,9.667845726013184,00007.png,0.0,0.0,0.0,6c0a7ef1578f26bd47e4c9146379e069fa371322b3fbcaea414ca3d042539c92,0.0,3,M,web_Terrestrial,0.0072785536758601665,1600
True,True,8b445fc977d4011006a222a5d3827de0e41b33d26ee3d3e8fba5f51ae83db0b5,1018,_DSC1595.JPG,True,M-G3,1.0279998779296875,alex,True,gsw_strict_intrinsic,G:\wl3dgs\3dgs_runs\two_scene_strict_screening_20260701\screening\M\M-G3\web_Terrestrial\test\ours_30000_strict_intrinsic,7.398320198059082,00008.png,0.0,0.0,0.0,206c3839df9de21afdf7ef476056832c1233e106ddd3feab8f9185f48ed78c9c,0.0,3,M,web_Terrestrial,0.004456034861505032,1600
True,True,a033a52180c0bfbeda0eb6befe982963f048e07d2236c3c5bf5bf8881e4e19be,1018,_DSC1603.JPG,True,M-G3,1.0585501194000244,alex,True,gsw_strict_intrinsic,G:\wl3dgs\3dgs_runs\two_scene_strict_screening_20260701\screening\M\M-G3\web_Terrestrial\test\ours_30000_strict_intrinsic,7.144165992736816,00009.png,0.0,0.0,0.0,206c3839df9de21afdf7ef476056832c1233e106ddd3feab8f9185f48ed78c9c,0.0,3,M,web_Terrestrial,0.0009372791391797364,1600
True,True,adae8feeae95e2e7aa807615c17c5d2773acee3efb58670111760aa4512e8a0b,1018,_DSC1611.JPG,True,M-G3,1.033048152923584,alex,True,gsw_strict_intrinsic,G:\wl3dgs\3dgs_runs\two_scene_strict_screening_20260701\screening\M\M-G3\web_Terrestrial\test\ours_30000_strict_intrinsic,7.036672115325928,00010.png,0.0,0.0,0.0,206c3839df9de21afdf7ef476056832c1233e106ddd3feab8f9185f48ed78c9c,0.0,3,M,web_Terrestrial,0.0017050198512151837,1600
True,True,879f092227d450c930cf5c48b3fbcfd075470fb11871cca141b77953cd220feb,1018,_DSC1619.JPG,True,M-G3,1.0460011959075928,alex,True,gsw_strict_intrinsic,G:\wl3dgs\3dgs_runs\two_scene_strict_screening_20260701\screening\M\M-G3\web_Terrestrial\test\ours_30000_strict_intrinsic,6.31709098815918,00011.png,0.0,0.0,0.0,206c3839df9de21afdf7ef476056832c1233e106ddd3feab8f9185f48ed78c9c,0.0,3,M,web_Terrestrial,0.0013396891299635172,1600
True,True,be1590f6213ea796fa1425edf6af4d26e039c2a78e7ddb51f96a7fa979b6fcc1,1018,_DSC1627.JPG,True,M-G3,1.0058180093765259,alex,True,gsw_strict_intrinsic,G:\wl3dgs\3dgs_runs\two_scene_strict_screening_20260701\screening\M\M-G3\web_Terrestrial\test\ours_30000_strict_intrinsic,6.007563591003418,00012.png,0.0,0.0,0.0,206c3839df9de21afdf7ef476056832c1233e106ddd3feab8f9185f48ed78c9c,0.0,3,M,web_Terrestrial,0.003480276558548212,1600
True,True,b7aaa5b607d55381923874cd3fec749a2ae88a8efc1ca0a3d1af4e150d4210cb,1018,_DSC1635.JPG,True,M-G3,1.0607599020004272,alex,True,gsw_strict_intrinsic,G:\wl3dgs\3dgs_runs\two_scene_strict_screening_20260701\screening\M\M-G3\web_Terrestrial\test\ours_30000_strict_intrinsic,5.941476345062256,00013.png,0.0,0.0,0.0,206c3839df9de21afdf7ef476056832c1233e106ddd3feab8f9185f48ed78c9c,0.0,3,M,web_Terrestrial,0.0006102588959038258,1600
True,True,a900504a73530fbfb50f07605c944f9db3f5ceba652ea691a8162126c93d79da,1018,_DSC1643.JPG,True,M-G3,1.0378775596618652,alex,True,gsw_strict_intrinsic,G:\wl3dgs\3dgs_runs\two_scene_strict_screening_20260701\screening\M\M-G3\web_Terrestrial\test\ours_30000_strict_intrinsic,6.466427326202393,00014.png,0.0,0.0,0.0,206c3839df9de21afdf7ef476056832c1233e106ddd3feab8f9185f48ed78c9c,0.0,3,M,web_Terrestrial,0.008025702089071274,1600
True,True,79338bfa8fb6f4ece195a1323dcf64c185613fe0c4ce2d9d6c26650e444f290a,1018,_DSC1651.JPG,True,M-G3,1.0529582500457764,alex,True,gsw_strict_intrinsic,G:\wl3dgs\3dgs_runs\two_scene_strict_screening_20260701\screening\M\M-G3\web_Terrestrial\test\ours_30000_strict_intrinsic,6.258397102355957,00015.png,0.0,0.0,0.0,206c3839df9de21afdf7ef476056832c1233e106ddd3feab8f9185f48ed78c9c,0.0,3,M,web_Terrestrial,0.0019814898259937763,1600
True,True,1d6fdf0ab99c2d288edb62247f3fbe986292c370c9065e29f37dbb60820c39e5,1018,_DSC1659.JPG,True,M-G3,1.0367954969406128,alex,True,gsw_strict_intrinsic,G:\wl3dgs\3dgs_runs\two_scene_strict_screening_20260701\screening\M\M-G3\web_Terrestrial\test\ours_30000_strict_intrinsic,7.010272026062012,00016.png,0.0,0.0,0.0,206c3839df9de21afdf7ef476056832c1233e106ddd3feab8f9185f48ed78c9c,0.0,3,M,web_Terrestrial,0.0042389328591525555,1600
True,True,7b40d3c2622b8c483df38c0aa14ffba094bdcf7d8df88eee872be38018d3c7f9,1050,_DSC5568_1.JPG,True,M-G3,1.1177005767822266,alex,True,gsw_strict_intrinsic,G:\wl3dgs\3dgs_runs\two_scene_strict_screening_20260701\screening\M\M-G3\web_Terrestrial\test\ours_30000_strict_intrinsic,4.365225791931152,00017.png,0.0,0.0,0.0,adeab5309eb1e6350f0b2c1aa70dbd767974932ef2698849d3cf60c8e808f932,0.0,3,M,web_Terrestrial,0.0013419572496786714,1600
True,True,14e8c7e9bac4dd95fa2bf8361eb01264bc035176a6db02cda2b17981a8713853,1050,_DSC5576_1.JPG,True,M-G3,1.105381965637207,alex,True,gsw_strict_intrinsic,G:\wl3dgs\3dgs_runs\two_scene_strict_screening_20260701\screening\M\M-G3\web_Terrestrial\test\ours_30000_strict_intrinsic,4.791080474853516,00018.png,0.0,0.0,0.0,adeab5309eb1e6350f0b2c1aa70dbd767974932ef2698849d3cf60c8e808f932,0.0,3,M,web_Terrestrial,0.0023519841488450766,1600
True,True,14cdec53bf1b509f78bf1544ce873efd2721934562b306ae0197aee1bff8c626,1050,_DSC5591_1.JPG,True,M-G3,1.0942676067352295,alex,True,gsw_strict_intrinsic,G:\wl3dgs\3dgs_runs\two_scene_strict_screening_20260701\screening\M\M-G3\web_Terrestrial\test\ours_30000_strict_intrinsic,5.516718864440918,00019.png,0.0,0.0,0.0,adeab5309eb1e6350f0b2c1aa70dbd767974932ef2698849d3cf60c8e808f932,0.0,3,M,web_Terrestrial,0.0019528164993971586,1600
True,True,5261cf2c98db0d3ac8e84a03f501503851ef6e4c5d97c35b6e10705dfc82567d,1050,_DSC5599_1.JPG,True,M-G3,1.125393033027649,alex,True,gsw_strict_intrinsic,G:\wl3dgs\3dgs_runs\two_scene_strict_screening_20260701\screening\M\M-G3\web_Terrestrial\test\ours_30000_strict_intrinsic,5.782861709594727,00020.png,0.0,0.0,0.0,adeab5309eb1e6350f0b2c1aa70dbd767974932ef2698849d3cf60c8e808f932,0.0,3,M,web_Terrestrial,0.000640643120277673,1600
True,True,068c221bc9cde96572e025d9d49823a3527bd70e40cdc2b39f5ed13221bb744a,1050,_DSC5607_1.JPG,True,M-G3,1.0788151025772095,alex,True,gsw_strict_intrinsic,G:\wl3dgs\3dgs_runs\two_scene_strict_screening_20260701\screening\M\M-G3\web_Terrestrial\test\ours_30000_strict_intrinsic,6.526234149932861,00021.png,0.0,0.0,0.0,adeab5309eb1e6350f0b2c1aa70dbd767974932ef2698849d3cf60c8e808f932,0.0,3,M,web_Terrestrial,0.001472811563871801,1600
True,True,c2cd98dd58b0b1fb794dbbb356d6b49f8e1a5fb0a673c0b8b0f77ac991da3d59,1050,_DSC5617_1.JPG,True,M-G3,1.1189298629760742,alex,True,gsw_strict_intrinsic,G:\wl3dgs\3dgs_runs\two_scene_strict_screening_20260701\screening\M\M-G3\web_Terrestrial\test\ours_30000_strict_intrinsic,4.204410552978516,00022.png,0.0,0.0,0.0,adeab5309eb1e6350f0b2c1aa70dbd767974932ef2698849d3cf60c8e808f932,0.0,3,M,web_Terrestrial,0.0011019009398296475,1600
True,True,82be7fcbcc46da46d0c04a210d96c5819259fa3b61bdba72c49a49e9dfa27331,1050,_DSC5627.JPG,True,M-G3,1.0755161046981812,alex,True,gsw_strict_intrinsic,G:\wl3dgs\3dgs_runs\two_scene_strict_screening_20260701\screening\M\M-G3\web_Terrestrial\test\ours_30000_strict_intrinsic,4.446829795837402,00023.png,0.0,0.0,0.0,adeab5309eb1e6350f0b2c1aa70dbd767974932ef2698849d3cf60c8e808f932,0.0,3,M,web_Terrestrial,0.0008389654685743153,1600
